event_id,source_origin_time,source_latitude_deg,source_longitude_deg,source_type,source_depth_km,preferred_source_magnitude,preferred_source_magnitude_type,preferred_source_magnitude_uncertainty,source_depth_uncertainty_km,source_horizontal_uncertainty_km,station_network_code,station_channel_code,station_code,station_location_code,station_latitude_deg,station_longitude_deg,station_elevation_m,trace_name,trace_sampling_rate_hz,trace_start_time,trace_S_arrival_sample,trace_P_arrival_sample,trace_S_arrival_uncertainty_s,trace_P_arrival_uncertainty_s,trace_P_polarity,trace_S_onset,trace_P_onset,trace_snr_db,source_type_pnsn_label,source_local_magnitude,source_local_magnitude_uncertainty,source_duration_magnitude,source_duration_magnitude_uncertainty,source_hand_magnitude,trace_missing_channel,trace_has_offset,year
uw10809638,2010-10-29 20:49:39.350000+00:00,46.248,-122.061,earthquake,10.203,0.54,ml,0.095,0.41,0.425,PB,EH,B203,--,46.169,-122.334,814.4,"bucket4$3151,:3,:15001",100,2010-10-29T20:48:49.350000Z,5766,5427,0.01,0.01,negative,,,10.577|17.613|9.116,eq,0.54,0.095,0.1,0.02,,0,0,2010
uw10809578,2010-10-29 08:52:52.690000+00:00,46.249,-122.061,earthquake,9.552,1.0,ml,0.157,0.48,0.177,PB,EH,B203,--,46.169,-122.334,814.4,"bucket8$3056,:3,:15001",100,2010-10-29T08:52:02.690000Z,5760,5416,0.02,0.03,negative,,,20.98|27.27|23.094,eq,1.0,0.157,1.0,0.03,,0,0,2010
uw10809503,2010-10-29 04:16:56.870000+00:00,46.248,-122.069,earthquake,9.133,0.71,ml,0.108,0.18,0.328,PB,EH,B203,--,46.169,-122.334,814.4,"bucket8$3058,:3,:15001",100,2010-10-29T04:16:06.870000Z,5748,5411,0.02,0.03,negative,,,10.021|12.153|7.796,eq,0.71,0.108,0.3,0.02,,0,0,2010
uw10809178,2010-10-27 10:18:41.100000+00:00,46.432,-121.66,earthquake,0.19,0.87,ml,0.068,0.0,0.646,PB,EH,B203,--,46.169,-122.334,814.4,"bucket5$3145,:3,:15001",100,2010-10-27T10:17:51.100000Z,6761,6008,0.03,0.04,undecidable,,,9.158|15.554|11.431,eq,0.87,0.068,1.0,0.04,,0,0,2010
uw10808953,2010-10-23 22:18:34.720000+00:00,46.684,-122.361,earthquake,14.954,1.0,ml,0.113,2.6,0.805,PB,EH,B203,--,46.169,-122.334,814.4,"bucket9$3171,:3,:15001",100,2010-10-23T22:17:44.720000Z,6644,5938,0.03,0.04,undecidable,,,6.597|8.616|5.107,eq,1.0,0.113,0.4,0.03,,0,0,2010
uw10807808,2010-10-18 06:05:15.360000+00:00,46.256,-122.285,earthquake,8.636,0.98,ml,0.119,0.21,0.189,PB,EH,B203,--,46.169,-122.334,814.4,"bucket7$3194,:3,:15001",100,2010-10-18T06:04:25.360000Z,5434,5241,0.02,0.01,negative,,,37.831|36.195|33.314,eq,0.98,0.119,1.0,0.02,,0,0,2010
uw10810873,2010-09-26 23:51:18.410000+00:00,46.332,-122.371,earthquake,10.134,0.91,ml,0.196,0.24,0.248,PB,EH,B203,--,46.169,-122.334,814.4,"bucket10$3208,:3,:15001",100,2010-09-26T23:50:28.410000Z,5663,5367,0.01,0.01,positive,,,34.641|30.81|23.767,eq,0.91,0.196,0.5,0.02,,0,0,2010
uw10810593,2010-09-25 15:38:41.140000+00:00,46.195,-122.631,earthquake,8.817,1.66,ml,0.082,0.0,0.014,PB,EH,B203,--,46.169,-122.334,814.4,"bucket8$3071,:3,:15001",100,2010-09-25T15:37:51.140000Z,5750,5436,0.03,0.01,positive,,,34.701|37.2|37.53,eq,1.66,0.082,1.6,0.02,,0,0,2010
uw10807738,2010-11-17 20:52:11.980000+00:00,46.299,-122.625,explosion,-1.106,1.38,ml,0.136,31.61,0.67,PB,EH,B203,--,46.169,-122.334,814.4,"bucket3$3178,:3,:15001",100,2010-11-17T20:51:21.980000Z,5830,5456,0.02,0.01,positive,,,27.503|23.113|16.172,px,1.38,0.136,1.3,0.271,,0,0,2010
uw10807713,2010-11-17 12:20:43.460000+00:00,46.563,-122.437,earthquake,14.378,1.53,ml,0.136,0.87,0.573,PB,EH,B203,--,46.169,-122.334,814.4,"bucket6$3134,:3,:15001",100,2010-11-17T12:19:53.460000Z,6325,5751,0.01,0.01,negative,,,35.703|36.515|27.885,eq,1.53,0.136,1.5,0.03,,0,0,2010
uw10807708,2010-11-17 08:22:00.680000+00:00,46.567,-122.419,earthquake,14.288,1.3,ml,0.164,0.14,0.13,PB,EH,B203,--,46.169,-122.334,814.4,"bucket7$3262,:3,:15001",100,2010-11-17T08:21:10.680000Z,6335,5764,0.01,0.01,negative,,,30.793|28.251|17.901,eq,1.3,0.164,0.8,0.02,,0,0,2010
uw10807688,2010-11-17 00:49:16.370000+00:00,46.554,-122.43,earthquake,13.522,0.97,ml,0.063,0.06,0.112,PB,EH,B203,--,46.169,-122.334,814.4,"bucket8$3120,:3,:15001",100,2010-11-17T00:48:26.370000Z,6308,5736,0.01,0.03,undecidable,,,17.834|17.289|13.825,eq,0.97,0.063,0.4,0.02,,0,0,2010
uw10807678,2010-11-16 20:18:52.780000+00:00,46.55,-122.424,earthquake,13.18,1.42,ml,0.197,0.41,0.384,PB,EH,B203,--,46.169,-122.334,814.4,"bucket1$3227,:3,:15001",100,2010-11-16T20:18:02.780000Z,6294,5728,0.02,0.01,negative,,,25.709|28.608|18.165,eq,1.42,0.197,0.9,0.03,,0,0,2010
uw10807668,2010-11-16 16:55:32.680000+00:00,46.555,-122.444,earthquake,15.41,1.0,ml,0.225,0.91,1.007,PB,EH,B203,--,46.169,-122.334,814.4,"bucket1$3228,:3,:15001",100,2010-11-16T16:54:42.680000Z,6323,5746,0.01,0.03,undecidable,,,11.135|17.189|10.172,eq,1.0,0.225,0.3,0.03,,0,0,2010
uw10807663,2010-11-16 16:01:29.060000+00:00,46.556,-122.445,earthquake,14.886,1.23,ml,0.188,0.85,0.908,PB,EH,B203,--,46.169,-122.334,814.4,"bucket7$3267,:3,:15001",100,2010-11-16T16:00:39.060000Z,6326,5751,0.01,0.01,negative,,,24.092|22.463|15.334,eq,1.23,0.188,0.6,0.02,,0,0,2010
uw10806503,2010-11-12 03:13:13.780000+00:00,47.357,-122.616,earthquake,24.292,2.05,ml,0.202,0.15,0.0,PB,EH,B203,--,46.169,-122.334,814.4,"bucket7$3270,:3,:15001",100,2010-11-12T03:12:23.780000Z,8613,7050,0.04,0.01,undecidable,,,22.12|22.24|19.129,eq,2.05,0.202,1.6,0.02,,0,0,2010
uw10806133,2010-11-09 11:32:29.270000+00:00,46.033,-122.199,earthquake,9.752,1.11,ml,0.143,0.58,0.525,PB,EH,B203,--,46.169,-122.334,814.4,"bucket8$3126,:3,:15001",100,2010-11-09T11:31:39.270000Z,5655,5370,0.02,0.04,undecidable,,,26.814|25.898|20.249,eq,1.11,0.143,0.3,0.03,,0,0,2010
uw10805943,2010-11-08 08:44:05.700000+00:00,45.732,-122.481,earthquake,16.028,1.01,ml,0.128,2.1,1.977,PB,EH,B203,--,46.169,-122.334,814.4,"bucket7$3273,:3,:15001",100,2010-11-08T08:43:15.700000Z,6484,5842,0.07,0.02,undecidable,,,16.144|18.791|11.782,eq,1.01,0.128,1.0,0.03,,0,0,2010
uw10805773,2010-11-06 21:31:21.960000+00:00,46.322,-122.231,earthquake,7.683,0.74,ml,0.199,0.4,0.283,PB,EH,B203,--,46.169,-122.334,814.4,"bucket6$3140,:3,:15001",100,2010-11-06T21:30:31.960000Z,5649,5358,0.03,0.01,negative,,,17.562|19.741|17.331,eq,0.74,0.199,0.0,0.02,,0,0,2010
uw10805628,2010-11-05 19:45:03.500000+00:00,45.795,-122.441,explosion,4.088,1.8,ml,0.363,5.86,2.712,PB,EH,B203,--,46.169,-122.334,814.4,"bucket1$3235,:3,:15001",100,2010-11-05T19:44:13.500000Z,6264,5730,0.04,0.04,undecidable,,,19.597|25.025|18.444,px,1.8,0.363,1.9,0.04,,0,0,2010
uw10807368,2010-11-15 07:20:37.800000+00:00,46.532,-121.428,earthquake,4.662,1.48,ml,0.214,0.58,0.542,PB,EH,B203,--,46.169,-122.334,814.4,"bucket9$3258,:3,:15001",100,2010-11-15T07:19:47.800000Z,7363,6314,0.02,0.02,undecidable,,,15.728|20.966|18.175,eq,1.48,0.214,1.3,0.04,,0,0,2010
uw10805948,2010-11-08 09:28:10.570000+00:00,45.631,-123.015,earthquake,25.608,1.31,ml,0.076,1.96,1.08,PB,EH,B203,--,46.169,-122.334,814.4,"bucket6$3152,:3,:15001",100,2010-11-08T09:27:20.570000Z,7292,6282,0.02,0.01,undecidable,,,12.13|12.992|9.498,eq,1.31,0.076,1.2,0.02,,0,0,2010
uw10805828,2010-11-07 04:26:37.330000+00:00,45.361,-122.778,earthquake,15.569,1.88,ml,0.228,0.32,0.269,PB,EH,B203,--,46.169,-122.334,814.4,"bucket1$3249,:3,:15001",100,2010-11-07T04:25:47.330000Z,7787,6619,0.04,0.01,undecidable,,,26.692|27.537|24.234,eq,1.88,0.228,1.6,0.03,,0,0,2010
uw10805648,2010-11-06 02:05:24.910000+00:00,46.242,-122.064,earthquake,9.398,0.56,ml,0.097,0.15,0.275,PB,EH,B203,--,46.169,-122.334,814.4,"bucket1$3251,:3,:15001",100,2010-11-06T02:04:34.910000Z,5751,5413,0.02,0.01,negative,,,13.588|19.601|9.839,eq,0.56,0.097,0.0,0.02,,0,0,2010
uw10805053,2010-11-01 19:26:27.620000+00:00,46.518,-122.295,earthquake,9.262,1.42,ml,0.174,3.26,0.935,PB,EH,B203,--,46.169,-122.334,814.4,"bucket9$3271,:3,:15001",100,2010-11-01T19:25:37.620000Z,6162,5654,0.06,0.02,negative,,,25.184|30.528|24.131,eq,1.42,0.174,1.2,0.03,,0,0,2010
uw10809748,2010-10-30 21:52:29.490000+00:00,46.248,-122.06,earthquake,9.803,1.01,ml,0.122,0.45,0.397,PB,EH,B203,--,46.169,-122.334,814.4,"bucket8$3152,:3,:15001",100,2010-10-30T21:51:39.490000Z,5764,5426,0.02,0.01,negative,,,19.948|22.331|18.531,eq,1.01,0.122,0.7,0.02,,0,0,2010
uw10809623,2010-10-29 19:13:25.640000+00:00,46.248,-122.059,earthquake,9.684,0.72,ml,0.108,0.19,0.149,PB,EH,B203,--,46.169,-122.334,814.4,"bucket9$3274,:3,:15001",100,2010-10-29T19:12:35.640000Z,5763,5424,0.03,0.01,negative,,,15.496|19.117|14.76,eq,0.72,0.108,0.5,0.02,,0,0,2010
uw10809603,2010-10-29 18:41:10.450000+00:00,46.467,-122.386,earthquake,26.833,0.78,ml,0.099,0.45,0.722,PB,EH,B203,--,46.169,-122.334,814.4,"bucket3$3206,:3,:15001",100,2010-10-29T18:40:20.450000Z,6235,5688,0.01,0.03,undecidable,,,7.366|6.985|5.313,eq,0.78,0.099,0.2,0.03,,0,0,2010
uw10809573,2010-10-29 08:46:47.940000+00:00,46.252,-122.056,earthquake,10.122,1.0,ml,0.174,0.44,0.418,PB,EH,B203,--,46.169,-122.334,814.4,"bucket7$3305,:3,:15001",100,2010-10-29T08:45:57.940000Z,5766,5428,0.02,0.01,negative,,,21.106|25.95|19.088,eq,1.0,0.174,1.0,0.02,,0,0,2010
uw10809568,2010-10-29 08:45:20.530000+00:00,46.245,-122.06,earthquake,9.374,0.62,ml,0.117,0.54,0.502,PB,EH,B203,--,46.169,-122.334,814.4,"bucket9$3280,:3,:15001",100,2010-10-29T08:44:30.530000Z,5761,5424,0.02,0.01,negative,,,12.068|10.067|11.561,eq,0.62,0.117,0.1,0.02,,0,0,2010
uw10809538,2010-10-29 08:26:50.770000+00:00,46.254,-122.049,earthquake,10.812,1.7,ml,0.234,0.36,0.334,PB,EH,B203,--,46.169,-122.334,814.4,"bucket9$3282,:3,:15001",100,2010-10-29T08:26:00.770000Z,5778,5437,0.01,0.01,negative,,,34.096|39.049|40.014,eq,1.7,0.234,1.9,0.02,,0,0,2010
uw10809498,2010-10-29 03:42:30.760000+00:00,46.249,-122.069,earthquake,9.537,0.54,ml,0.079,0.58,0.644,PB,EH,B203,--,46.169,-122.334,814.4,"bucket2$3157,:3,:15001",100,2010-10-29T03:41:40.760000Z,5753,5414,0.02,0.03,undecidable,,,5.761|9.704|5.895,eq,0.54,0.079,0.0,0.02,,0,0,2010
uw10809448,2010-10-28 21:15:47.860000+00:00,46.389,-122.475,explosion,-1.094,1.52,ml,0.192,31.61,2.48,PB,EH,B203,--,46.169,-122.334,814.4,"bucket6$3161,:3,:15001",100,2010-10-28T21:14:57.860000Z,5909,5461,0.05,0.01,positive,,,23.638|30.916|28.529,px,1.52,0.192,1.64,0.269,,0,0,2010
uw10809438,2010-10-28 20:10:37.760000+00:00,46.265,-122.054,earthquake,8.515,0.89,ml,0.16,0.53,0.469,PB,EH,B203,--,46.169,-122.334,814.4,"bucket4$3253,:3,:15001",100,2010-10-28T20:09:47.760000Z,5785,5438,0.01,0.01,negative,,,20.103|25.417|18.753,eq,0.89,0.16,0.3,0.02,,0,0,2010
uw10809418,2010-10-28 18:18:11.470000+00:00,46.435,-121.667,earthquake,0.954,1.11,ml,0.111,0.65,0.036,PB,EH,B203,--,46.169,-122.334,814.4,"bucket4$3254,:3,:15001",100,2010-10-28T18:17:21.470000Z,6751,6008,0.04,0.07,undecidable,,,13.514|20.566|11.262,eq,1.11,0.111,1.1,0.05,,0,0,2010
uw10808943,2010-10-23 20:16:00.280000+00:00,46.479,-122.472,earthquake,19.967,0.9,ml,0.068,0.73,0.83,PB,EH,B203,--,46.169,-122.334,814.4,"bucket1$3266,:3,:15001",100,2010-10-23T20:15:10.280000Z,6185,5675,0.03,0.02,undecidable,,,10.583|12.372|3.646,eq,0.9,0.068,0.1,0.03,,0,0,2010
uw10808918,2010-10-23 15:51:21.020000+00:00,46.252,-122.058,earthquake,10.412,1.46,ml,0.199,0.18,0.05,PB,EH,B203,--,46.169,-122.334,814.4,"bucket3$3221,:3,:15001",100,2010-10-23T15:50:31.020000Z,5774,5433,0.03,0.01,negative,,,28.128|34.479|29.286,eq,1.46,0.199,1.4,0.03,,0,0,2010
uw10808868,2010-10-23 05:28:34.260000+00:00,46.253,-122.057,earthquake,9.982,1.08,ml,0.151,0.57,0.418,PB,EH,B203,--,46.169,-122.334,814.4,"bucket10$3291,:3,:15001",100,2010-10-23T05:27:44.260000Z,5767,5428,0.02,0.01,negative,,,21.775|28.634|25.793,eq,1.08,0.151,1.2,0.03,,0,0,2010
uw10808843,2010-10-23 04:26:22.250000+00:00,46.251,-122.058,earthquake,10.312,1.28,ml,0.207,0.43,0.383,PB,EH,B203,--,46.169,-122.334,814.4,"bucket7$3318,:3,:15001",100,2010-10-23T04:25:32.250000Z,5769,5431,0.02,0.01,negative,,,28.82|32.462|29.155,eq,1.28,0.207,1.4,0.02,,0,0,2010
uw10808833,2010-10-23 04:21:01.700000+00:00,46.251,-122.058,earthquake,10.002,1.25,ml,0.2,0.59,0.432,PB,EH,B203,--,46.169,-122.334,814.4,"bucket3$3225,:3,:15001",100,2010-10-23T04:20:11.700000Z,5766,5428,0.04,0.01,negative,,,31.024|29.327|29.514,eq,1.25,0.2,1.3,0.02,,0,0,2010
uw10808818,2010-10-23 02:25:27.120000+00:00,46.252,-122.057,earthquake,9.75,1.07,ml,0.108,0.18,0.086,PB,EH,B203,--,46.169,-122.334,814.4,"bucket3$3228,:3,:15001",100,2010-10-23T02:24:37.120000Z,5764,5427,0.03,0.01,negative,,,23.06|27.815|24.858,eq,1.07,0.108,1.0,0.02,,0,0,2010
uw10808813,2010-10-23 02:06:24.470000+00:00,46.251,-122.058,earthquake,10.162,1.49,ml,0.171,0.2,0.064,PB,EH,B203,--,46.169,-122.334,814.4,"bucket6$3173,:3,:15001",100,2010-10-23T02:05:34.470000Z,5769,5430,0.05,0.01,negative,,,37.001|39.146|34.251,eq,1.49,0.171,1.8,0.02,,0,0,2010
uw10808733,2010-10-22 11:36:28.450000+00:00,46.308,-121.855,earthquake,8.64,0.92,ml,0.101,0.04,0.042,PB,EH,B203,--,46.169,-122.334,814.4,"bucket2$3166,:3,:15001",100,2010-10-22T11:35:38.450000Z,6198,5683,0.05,0.01,negative,,,17.033|20.995|13.989,eq,0.92,0.101,0.8,0.03,,0,0,2010
uw10808708,2010-10-22 06:56:31.770000+00:00,46.333,-122.246,earthquake,10.914,0.79,ml,0.148,0.43,0.474,PB,EH,B203,--,46.169,-122.334,814.4,"bucket7$3329,:3,:15001",100,2010-10-22T06:55:41.770000Z,5695,5375,0.01,0.01,negative,,,19.013|22.935|15.511,eq,0.79,0.148,0.5,0.02,,0,0,2010
uw10808343,2010-10-20 21:04:48.960000+00:00,46.275,-122.516,explosion,-1.221,1.56,ml,0.155,31.61,0.56,PB,EH,B203,--,46.169,-122.334,814.4,"bucket7$3330,:3,:15001",100,2010-10-20T21:03:58.960000Z,5626,5312,0.04,0.01,positive,,,42.805|37.006|37.812,px,1.56,0.155,1.6,0.132,,0,0,2010
uw10808038,2010-10-19 16:59:42.410000+00:00,46.638,-122.701,earthquake,23.974,1.22,ml,0.053,0.38,0.158,PB,EH,B203,--,46.169,-122.334,814.4,"bucket1$3278,:3,:15001",100,2010-10-19T16:58:52.410000Z,6733,5999,0.02,0.04,undecidable,,,19.012|19.743|16.595,eq,1.22,0.053,0.7,0.03,,0,0,2010
uw10807938,2010-10-18 21:14:06.620000+00:00,46.467,-122.416,earthquake,24.998,0.77,ml,0.126,1.03,1.509,PB,EH,B203,--,46.169,-122.334,814.4,"bucket10$3305,:3,:15001",100,2010-10-18T21:13:16.620000Z,6220,5676,0.01,0.01,undecidable,,,10.391|8.821|7.243,eq,0.77,0.126,0.4,0.02,,0,0,2010
uw10807833,2010-10-18 08:58:52.400000+00:00,46.48,-122.434,earthquake,23.033,0.86,ml,0.157,0.98,0.885,PB,EH,B203,--,46.169,-122.334,814.4,"bucket2$3172,:3,:15001",100,2010-10-18T08:58:02.400000Z,6219,5675,0.02,0.03,undecidable,,,24.96|26.72|17.909,eq,0.86,0.157,0.7,0.03,,0,0,2010
uw10807638,2010-10-17 02:29:20.650000+00:00,46.342,-122.249,earthquake,8.414,0.37,ml,0.028,1.3,0.858,PB,EH,B203,--,46.169,-122.334,814.4,"bucket8$3180,:3,:15001",100,2010-10-17T02:28:30.650000Z,5697,5384,0.01,0.02,undecidable,,,5.132|6.004|4.858,eq,0.37,0.028,0.1,0.02,,0,0,2010
uw10807553,2010-10-16 19:52:27.160000+00:00,46.196,-122.185,earthquake,0.882,1.01,ml,0.208,0.21,0.34,PB,EH,B203,--,46.169,-122.334,814.4,"bucket2$3175,:3,:15001",100,2010-10-16T19:51:37.160000Z,5429,5241,0.04,0.02,negative,,,31.643|33.706|31.585,eq,1.01,0.208,1.7,0.0,,0,0,2010
uw10807473,2010-10-16 12:50:29.320000+00:00,46.199,-122.181,earthquake,0.825,1.06,ml,0.163,0.24,0.27,PB,EH,B203,--,46.169,-122.334,814.4,"bucket7$3336,:3,:15001",100,2010-10-16T12:49:39.320000Z,5437,5247,0.02,0.05,positive,,,37.98|38.226|35.681,eq,1.06,0.163,1.43,0.502,,0,0,2010
uw10807458,2010-10-16 11:59:06.620000+00:00,46.698,-122.301,earthquake,16.817,1.06,ml,0.22,1.74,0.573,PB,EH,B203,--,46.169,-122.334,814.4,"bucket7$3337,:3,:15001",100,2010-10-16T11:58:16.620000Z,6689,5979,0.04,0.06,undecidable,,,6.748|11.272|4.883,eq,1.06,0.22,0.7,0.04,,0,0,2010
uw10807163,2010-10-14 08:54:21.620000+00:00,46.279,-122.297,earthquake,9.082,1.36,ml,0.167,0.3,0.191,PB,EH,B203,--,46.169,-122.334,814.4,"bucket4$3265,:3,:15001",100,2010-10-14T08:53:31.620000Z,5500,5276,0.01,0.01,negative,,,33.533|34.359|33.417,eq,1.36,0.167,1.5,0.02,,0,0,2010
uw10806828,2010-10-10 23:42:58.560000+00:00,46.078,-122.509,earthquake,15.886,1.02,ml,0.091,0.51,0.344,PB,EH,B203,--,46.169,-122.334,814.4,"bucket6$3186,:3,:15001",100,2010-10-10T23:42:08.560000Z,5679,5390,0.03,0.01,positive,,,21.189|18.089|16.0,eq,1.02,0.091,0.0,0.02,,0,0,2010
uw10806588,2010-10-09 03:01:20.700000+00:00,46.333,-122.228,earthquake,8.514,0.6,ml,0.079,0.18,0.298,PB,EH,B203,--,46.169,-122.334,814.4,"bucket5$3262,:3,:15001",100,2010-10-09T03:00:30.700000Z,5689,5373,0.01,0.01,negative,,,14.777|21.188|15.823,eq,0.6,0.079,0.1,0.03,,0,0,2010
uw10806518,2010-10-08 19:17:37.530000+00:00,46.005,-122.115,earthquake,6.41,0.54,ml,0.128,1.63,0.844,PB,EH,B203,--,46.169,-122.334,814.4,"bucket8$3188,:3,:15001",100,2010-10-08T19:16:47.530000Z,5809,5451,0.04,0.04,undecidable,,,13.375|15.255|9.066,eq,0.54,0.128,0.4,0.04,,0,0,2010
uw10805383,2010-10-02 14:11:59.190000+00:00,46.155,-123.081,earthquake,22.991,1.09,ml,0.092,0.47,0.671,PB,EH,B203,--,46.169,-122.334,814.4,"bucket5$3263,:3,:15001",100,2010-10-02T14:11:09.190000Z,6730,5969,0.07,0.03,positive,,,17.827|14.865|15.486,eq,1.09,0.092,1.0,0.03,,0,0,2010
uw10805198,2010-10-02 01:41:33.460000+00:00,46.315,-122.336,earthquake,20.163,0.93,ml,0.064,0.4,0.452,PB,EH,B203,--,46.169,-122.334,814.4,"bucket3$3250,:3,:15001",100,2010-10-02T01:40:43.460000Z,5761,5430,0.04,0.01,negative,,,24.195|23.657|22.077,eq,0.93,0.064,0.8,0.02,,0,0,2010
uw10811298,2010-09-29 02:38:13.380000+00:00,45.917,-122.554,earthquake,22.189,0.84,ml,0.041,0.78,1.629,PB,EH,B203,--,46.169,-122.334,814.4,"bucket3$3257,:3,:15001",100,2010-09-29T02:37:23.380000Z,6135,5644,0.03,0.01,undecidable,,,15.139|15.471|9.662,eq,0.84,0.041,0.5,0.02,,0,0,2010
uw10810678,2010-09-26 17:31:54.360000+00:00,46.309,-122.227,earthquake,4.202,0.92,ml,0.101,0.27,0.219,PB,EH,B203,--,46.169,-122.334,814.4,"bucket8$3195,:3,:15001",100,2010-09-26T17:31:04.360000Z,5587,5325,0.01,0.01,negative,,,22.611|24.65|22.557,eq,0.92,0.101,0.6,0.03,,0,0,2010
uw10810603,2010-09-25 17:23:26.490000+00:00,46.185,-122.58,earthquake,18.135,0.1,md,0.03,0.97,1.063,PB,EH,B203,--,46.169,-122.334,814.4,"bucket7$3356,:3,:15001",100,2010-09-25T17:22:36.490000Z,5746,5430,0.04,0.02,positive,,,4.536|8.35|7.576,eq,,,0.1,0.03,,0,0,2010
uw10810508,2010-09-25 09:04:40.470000+00:00,46.681,-122.362,earthquake,15.333,0.99,ml,0.1,1.92,0.594,PB,EH,B203,--,46.169,-122.334,814.4,"bucket7$3357,:3,:15001",100,2010-09-25T09:03:50.470000Z,6637,5932,0.03,0.03,undecidable,,,15.061|16.995|11.395,eq,0.99,0.1,0.8,0.04,,0,0,2010
uw10801058,2010-07-31 23:13:38.940000+00:00,45.862,-122.516,earthquake,11.643,1.36,ml,0.082,0.61,0.688,PB,EH,B203,--,46.169,-122.334,814.4,"bucket1$3301,:3,:15001",100,2010-07-31T23:12:48.940000Z,6145,5644,0.03,0.01,negative,,,26.225|28.92|21.669,eq,1.36,0.082,1.4,0.03,,0,0,2010
uw10799823,2010-07-25 11:50:09.210000+00:00,47.191,-122.161,earthquake,19.931,1.31,ml,0.232,0.81,0.636,PB,EH,B203,--,46.169,-122.334,814.4,"bucket9$3341,:3,:15001",100,2010-07-25T11:49:19.210000Z,8184,6826,0.03,0.03,undecidable,,,8.721|14.697|6.109,eq,1.31,0.232,1.0,0.03,,0,0,2010
uw10799793,2010-07-25 07:11:18.590000+00:00,46.281,-122.31,earthquake,11.632,0.71,ml,0.06,0.27,0.276,PB,EH,B203,--,46.169,-122.334,814.4,"bucket8$3206,:3,:15001",100,2010-07-25T07:10:28.590000Z,5547,5297,0.01,0.01,negative,,,24.283|26.644|24.666,eq,0.71,0.06,0.5,0.01,,0,0,2010
uw10799683,2010-07-25 00:19:17.740000+00:00,46.489,-122.425,earthquake,18.423,1.39,ml,0.175,0.9,0.809,PB,EH,B203,--,46.169,-122.334,814.4,"bucket5$3284,:3,:15001",100,2010-07-25T00:18:27.740000Z,6169,5658,0.01,0.01,undecidable,,,29.497|38.897|23.528,eq,1.39,0.175,1.2,0.02,,0,0,2010
uw10799468,2010-07-24 01:18:09.840000+00:00,46.189,-122.327,earthquake,11.161,1.19,ml,0.095,0.37,0.491,PB,EH,B203,--,46.169,-122.334,814.4,"bucket5$3289,:3,:15001",100,2010-07-24T01:17:19.840000Z,5379,5210,0.01,0.01,positive,,,34.206|30.762|34.534,eq,1.19,0.095,1.0,0.02,,0,0,2010
uw10798638,2010-07-20 17:37:54.600000+00:00,46.414,-122.406,earthquake,21.364,0.64,ml,0.133,0.29,0.22,PB,EH,B203,--,46.169,-122.334,814.4,"bucket7$3374,:3,:15001",100,2010-07-20T17:37:04.600000Z,6027,5580,0.01,0.01,positive,,,14.737|13.995|8.776,eq,0.64,0.133,0.1,0.02,,0,0,2010
uw10800913,2010-08-20 05:28:26.880000+00:00,47.327,-122.625,earthquake,24.804,1.34,ml,0.118,0.03,0.014,PB,EH,B203,--,46.169,-122.334,814.4,"bucket2$3230,:3,:15001",100,2010-08-20T05:27:36.880000Z,8534,6997,0.03,0.05,undecidable,,,9.536|13.755|6.953,eq,1.34,0.118,1.3,0.03,,0,0,2010
uw10798278,2010-08-10 06:05:05.800000+00:00,46.552,-122.421,earthquake,12.223,0.8,ml,0.101,1.85,0.894,PB,EH,B203,--,46.169,-122.334,814.4,"bucket3$3316,:3,:15001",100,2010-08-10T06:04:15.800000Z,6297,5723,0.04,0.02,undecidable,,,15.752|14.744|9.082,eq,0.8,0.101,0.5,0.04,,0,0,2010
uw10797298,2010-08-06 20:46:02.760000+00:00,45.447,-123.24,earthquake,21.781,1.42,ml,0.085,1.46,0.668,PB,EH,B203,--,46.169,-122.334,814.4,"bucket1$3352,:3,:15001",100,2010-08-06T20:45:12.760000Z,8033,6748,0.03,0.03,undecidable,,,11.405|12.9|12.07,eq,1.42,0.085,1.3,0.03,,0,0,2010
uw10796858,2010-08-05 15:35:56.550000+00:00,45.666,-122.88,earthquake,25.553,1.11,ml,0.026,2.15,1.207,PB,EH,B203,--,46.169,-122.334,814.4,"bucket2$3241,:3,:15001",100,2010-08-05T15:35:06.550000Z,7063,6170,0.04,0.04,undecidable,,,11.365|16.092|10.359,eq,1.11,0.026,1.0,0.04,,0,0,2010
uw10795183,2010-08-03 11:13:23.610000+00:00,45.639,-122.892,earthquake,19.754,1.94,ml,0.204,2.14,0.45,PB,EH,B203,--,46.169,-122.334,814.4,"bucket3$3320,:3,:15001",100,2010-08-03T11:12:33.610000Z,7093,6188,0.03,0.07,undecidable,,,31.559|33.505|28.657,eq,1.94,0.204,1.75,0.22,,0,0,2010
uw10800943,2010-08-20 13:01:37.250000+00:00,46.535,-122.406,earthquake,23.493,1.02,ml,0.118,0.91,0.778,PB,EH,B203,--,46.169,-122.334,814.4,"bucket4$3360,:3,:15001",100,2010-08-20T13:00:47.250000Z,6332,5745,0.02,0.03,undecidable,,,22.508|17.676|15.878,eq,1.02,0.118,0.9,0.03,,0,0,2010
uw10800548,2010-08-18 13:03:47.890000+00:00,46.725,-121.569,earthquake,6.357,1.07,ml,0.072,1.94,2.06,PB,EH,B203,--,46.169,-122.334,814.4,"bucket3$3332,:3,:15001",100,2010-08-18T13:02:57.890000Z,7461,6406,0.05,0.03,undecidable,,,6.012|11.672|7.57,eq,1.07,0.072,0.4,0.05,,0,0,2010
uw10800053,2010-08-16 10:20:20.100000+00:00,46.534,-121.803,earthquake,-1.615,1.31,ml,0.119,0.02,0.014,PB,EH,B203,--,46.169,-122.334,814.4,"bucket6$3278,:3,:15001",100,2010-08-16T10:19:30.100000Z,6723,5985,0.03,0.02,undecidable,,,21.465|28.452|26.633,eq,1.31,0.119,1.6,0.03,,0,0,2010
uw10799898,2010-08-15 14:27:15.190000+00:00,46.254,-122.206,earthquake,4.143,0.3,ml,0.056,0.74,0.311,PB,EH,B203,--,46.169,-122.334,814.4,"bucket5$3352,:3,:15001",100,2010-08-15T14:26:25.190000Z,5482,5268,0.01,0.01,negative,,,20.171|23.154|23.517,eq,0.3,0.056,0.1,0.03,,0,0,2010
uw10798578,2010-08-11 10:26:35.540000+00:00,46.325,-122.237,earthquake,11.575,1.67,ml,0.162,0.25,0.141,PB,EH,B203,--,46.169,-122.334,814.4,"bucket1$3371,:3,:15001",100,2010-08-11T10:25:45.540000Z,5668,5380,0.02,0.01,negative,,,46.952|51.203|45.428,eq,1.67,0.162,1.9,0.02,,0,0,2010
uw10798483,2010-08-11 02:33:29.110000+00:00,46.2,-122.181,earthquake,1.915,0.77,ml,0.237,0.49,0.3,PB,EH,B203,--,46.169,-122.334,814.4,"bucket1$3373,:3,:15001",100,2010-08-11T02:32:39.110000Z,5439,5248,0.15,0.06,positive,emergent,impulsive,8.539|21.443|18.836,eq,0.77,0.237,1.18,0.28,,0,0,2010
uw10798353,2010-08-10 19:53:53.410000+00:00,46.116,-122.444,earthquake,18.045,0.71,ml,0.055,0.25,0.311,PB,EH,B203,--,46.169,-122.334,814.4,"bucket3$3343,:3,:15001",100,2010-08-10T19:53:03.410000Z,5639,5353,0.01,0.01,positive,,,19.766|21.584|17.17,eq,0.71,0.055,0.2,0.02,,0,0,2010
uw10798003,2010-08-09 05:32:14.780000+00:00,46.11,-122.451,earthquake,18.466,0.85,ml,0.077,0.33,0.416,PB,EH,B203,--,46.169,-122.334,814.4,"bucket9$3432,:3,:15001",100,2010-08-09T05:31:24.780000Z,5651,5364,0.01,0.01,positive,,,23.802|21.761|20.932,eq,0.85,0.077,0.5,0.02,,0,0,2010
uw10797478,2010-08-07 12:09:24.510000+00:00,46.093,-122.649,earthquake,18.271,0.57,ml,0.197,0.66,0.489,PB,EH,B203,--,46.169,-122.334,814.4,"bucket1$3377,:3,:15001",100,2010-08-07T12:08:34.510000Z,5917,5518,0.02,0.01,negative,,,14.868|17.723|11.831,eq,0.57,0.197,0.5,0.02,,0,0,2010
uw10796968,2010-08-05 23:57:32.780000+00:00,46.317,-122.223,earthquake,10.493,0.69,ml,0.174,0.31,0.283,PB,EH,B203,--,46.169,-122.334,814.4,"bucket5$3367,:3,:15001",100,2010-08-05T23:56:42.780000Z,5663,5374,0.02,0.01,negative,,,15.97|21.289|17.803,eq,0.69,0.174,0.3,0.02,,0,0,2010
uw10796643,2010-08-05 10:01:15.390000+00:00,46.111,-122.449,earthquake,18.49,0.71,ml,0.139,0.27,0.389,PB,EH,B203,--,46.169,-122.334,814.4,"bucket6$3292,:3,:15001",100,2010-08-05T10:00:25.390000Z,5649,5362,0.01,0.01,negative,,,18.175|22.372|20.852,eq,0.71,0.139,0.6,0.04,,0,0,2010
uw10796628,2010-08-05 06:55:58.090000+00:00,45.653,-122.865,earthquake,20.391,1.13,ml,0.073,2.03,1.103,PB,EH,B203,--,46.169,-122.334,814.4,"bucket10$3410,:3,:15001",100,2010-08-05T06:55:08.090000Z,7050,6154,0.05,0.02,undecidable,,,11.233|12.583|13.865,eq,1.13,0.073,1.0,0.04,,0,0,2010
uw10796538,2010-08-05 03:36:16.470000+00:00,45.65,-122.916,earthquake,9.688,1.33,ml,0.115,0.0,0.908,PB,EH,B203,--,46.169,-122.334,814.4,"bucket3$3351,:3,:15001",100,2010-08-05T03:35:26.470000Z,7084,6181,0.06,0.03,undecidable,,,17.59|22.03|15.801,eq,1.33,0.115,1.3,0.03,,0,0,2010
uw10796328,2010-08-04 22:39:57.350000+00:00,46.115,-122.444,earthquake,18.378,0.59,ml,0.015,0.36,0.402,PB,EH,B203,--,46.169,-122.334,814.4,"bucket3$3352,:3,:15001",100,2010-08-04T22:39:07.350000Z,5643,5359,0.04,0.01,positive,,,17.125|17.681|16.349,eq,0.59,0.015,0.0,0.02,,0,0,2010
uw10796213,2010-08-04 18:25:34.790000+00:00,46.126,-122.478,earthquake,17.868,0.37,ml,0.069,0.79,1.08,PB,EH,B203,--,46.169,-122.334,814.4,"bucket6$3293,:3,:15001",100,2010-08-04T18:24:44.790000Z,5648,5365,0.03,0.01,positive,,,9.429|15.532|11.326,eq,0.37,0.069,0.18,0.099,,0,0,2010
uw10796153,2010-08-04 16:11:11.930000+00:00,46.114,-122.493,earthquake,15.481,1.48,ml,0.281,1.02,0.603,PB,EH,B203,--,46.169,-122.334,814.4,"bucket9$3442,:3,:15001",100,2010-08-04T16:10:21.930000Z,5647,5362,0.03,0.01,positive,,,38.302|38.864|33.666,eq,1.48,0.281,1.3,0.02,,0,0,2010
uw10796018,2010-08-04 11:14:26.600000+00:00,46.084,-122.52,earthquake,13.521,0.93,ml,0.154,0.52,0.264,PB,EH,B203,--,46.169,-122.334,814.4,"bucket10$3414,:3,:15001",100,2010-08-04T11:13:36.600000Z,5658,5370,0.03,0.01,positive,,,26.309|24.299|22.784,eq,0.93,0.154,0.6,0.02,,0,0,2010
uw10795948,2010-08-04 10:14:11.070000+00:00,46.111,-122.445,earthquake,18.81,0.51,ml,0.058,0.36,0.533,PB,EH,B203,--,46.169,-122.334,814.4,"bucket10$3415,:3,:15001",100,2010-08-04T10:13:21.070000Z,5650,5368,0.03,0.01,positive,,,16.552|17.556|10.13,eq,0.51,0.058,0.1,0.02,,0,0,2010
uw10795938,2010-08-04 09:36:59.200000+00:00,46.109,-122.448,earthquake,18.04,0.71,ml,0.068,0.39,0.349,PB,EH,B203,--,46.169,-122.334,814.4,"bucket2$3267,:3,:15001",100,2010-08-04T09:36:09.200000Z,5648,5362,0.01,0.01,undecidable,,,21.596|23.153|19.9,eq,0.71,0.068,0.3,0.02,,0,0,2010
uw10795908,2010-08-04 09:13:00.810000+00:00,46.123,-122.492,earthquake,16.931,1.06,ml,0.092,0.7,0.603,PB,EH,B203,--,46.169,-122.334,814.4,"bucket5$3374,:3,:15001",100,2010-08-04T09:12:10.810000Z,5649,5367,0.02,0.01,positive,,,30.248|30.726|22.986,eq,1.06,0.092,0.8,0.02,,0,0,2010
uw10795153,2010-08-03 08:02:48.320000+00:00,46.284,-122.035,earthquake,6.667,0.56,ml,0.211,0.77,0.46,PB,EH,B203,--,46.169,-122.334,814.4,"bucket6$3295,:3,:15001",100,2010-08-03T08:01:58.320000Z,5836,5480,0.03,0.02,undecidable,,,18.518|23.558|18.883,eq,0.56,0.211,0.2,0.02,,0,0,2010
uw10794913,2010-08-02 21:04:30.850000+00:00,46.496,-122.44,earthquake,17.364,1.35,ml,0.181,0.52,0.2,PB,EH,B203,--,46.169,-122.334,814.4,"bucket6$3297,:3,:15001",100,2010-08-02T21:03:40.850000Z,6178,5662,0.01,0.01,negative,,,23.371|20.795|17.563,eq,1.35,0.181,1.3,0.02,,0,0,2010
uw10794768,2010-08-02 14:21:27.630000+00:00,46.619,-121.87,earthquake,7.929,1.28,ml,0.11,0.41,0.707,PB,EH,B203,--,46.169,-122.334,814.4,"bucket1$3388,:3,:15001",100,2010-08-02T14:20:37.630000Z,6775,6010,0.05,0.03,undecidable,,,30.096|21.829|25.519,eq,1.28,0.11,1.2,0.03,,0,0,2010
uw10794633,2010-08-01 12:23:22.940000+00:00,46.49,-122.326,earthquake,19.54,1.58,ml,0.209,0.3,0.0,PB,EH,B203,--,46.169,-122.334,814.4,"bucket10$3417,:3,:15001",100,2010-08-01T12:22:32.940000Z,6141,5649,0.02,0.01,negative,,,36.569|34.225|32.739,eq,1.58,0.209,1.6,0.02,,0,0,2010
uw10794463,2010-08-01 06:57:11.660000+00:00,45.635,-122.89,earthquake,21.591,1.48,ml,0.144,1.8,0.682,PB,EH,B203,--,46.169,-122.334,814.4,"bucket4$3383,:3,:15001",100,2010-08-01T06:56:21.660000Z,7106,6206,0.03,0.04,undecidable,,,20.606|23.974|23.08,eq,1.48,0.144,1.3,0.03,,0,0,2010
uw10801018,2010-07-31 12:09:51.630000+00:00,46.449,-122.294,earthquake,4.68,1.52,ml,0.132,0.03,0.022,PB,EH,B203,--,46.169,-122.334,814.4,"bucket7$3476,:3,:15001",100,2010-07-31T12:09:01.630000Z,5963,5548,0.02,0.01,positive,,,41.915|42.531|37.66,eq,1.52,0.132,1.8,0.03,,0,0,2010
uw10800973,2010-07-31 02:51:03.280000+00:00,46.724,-122.472,earthquake,17.115,0.87,ml,0.045,1.5,0.398,PB,EH,B203,--,46.169,-122.334,814.4,"bucket10$3420,:3,:15001",100,2010-07-31T02:50:13.280000Z,6766,6004,0.03,0.01,negative,,,11.352|8.846|12.357,eq,0.87,0.045,0.7,0.03,,0,0,2010
uw10800883,2010-07-30 20:12:09.830000+00:00,46.711,-122.484,earthquake,17.884,1.09,ml,0.076,1.1,0.234,PB,EH,B203,--,46.169,-122.334,814.4,"bucket6$3304,:3,:15001",100,2010-07-30T20:11:19.830000Z,6763,6000,0.03,0.01,negative,,,16.299|14.816|12.357,eq,1.09,0.076,0.8,0.03,,0,0,2010
uw10800848,2010-07-30 19:07:18.350000+00:00,46.713,-122.483,earthquake,13.485,1.22,ml,0.085,1.75,0.396,PB,EH,B203,--,46.169,-122.334,814.4,"bucket2$3271,:3,:15001",100,2010-07-30T19:06:28.350000Z,6743,5981,0.03,0.01,negative,,,16.633|18.03|14.296,eq,1.22,0.085,1.0,0.04,,0,0,2010
uw10800568,2010-07-29 09:46:46.070000+00:00,46.421,-122.349,earthquake,19.233,1.13,ml,0.101,0.87,0.898,PB,EH,B203,--,46.169,-122.334,814.4,"bucket4$3392,:3,:15001",100,2010-07-29T09:45:56.070000Z,5979,5553,0.01,0.01,negative,,,28.98|27.774|22.711,eq,1.13,0.101,1.2,0.02,,0,0,2010
uw10800243,2010-07-28 08:24:12.760000+00:00,46.602,-122.672,earthquake,11.321,1.58,ml,0.222,1.24,0.256,PB,EH,B203,--,46.169,-122.334,814.4,"bucket4$3394,:3,:15001",100,2010-07-28T08:23:22.760000Z,6578,5901,0.01,0.01,positive,,,31.655|30.981|31.079,eq,1.58,0.222,1.6,0.02,,0,0,2010
uw10799803,2010-07-25 09:34:38.790000+00:00,47.182,-122.174,earthquake,13.766,1.12,ml,0.21,0.43,0.761,PB,EH,B203,--,46.169,-122.334,814.4,"bucket5$3392,:3,:15001",100,2010-07-25T09:33:48.790000Z,8156,6795,0.03,0.02,undecidable,,,9.457|11.591|7.246,eq,1.12,0.21,1.0,0.03,,0,0,2010
uw10799723,2010-07-25 04:03:49.170000+00:00,46.333,-122.234,earthquake,9.365,1.4,ml,0.206,0.32,0.236,PB,EH,B203,--,46.169,-122.334,814.4,"bucket2$3284,:3,:15001",100,2010-07-25T04:02:59.170000Z,5666,5376,0.01,0.01,negative,,,37.822|41.546|35.457,eq,1.4,0.206,1.6,0.02,,0,0,2010
uw10799578,2010-07-24 10:28:50.710000+00:00,46.109,-122.442,earthquake,18.229,0.68,ml,0.009,0.52,0.769,PB,EH,B203,--,46.169,-122.334,814.4,"bucket10$3444,:3,:15001",100,2010-07-24T10:28:00.710000Z,5648,5362,0.01,0.01,positive,,,14.667|21.196|15.265,eq,0.68,0.009,0.1,0.03,,0,0,2010
uw10799068,2010-07-22 23:30:26.480000+00:00,47.184,-122.168,earthquake,19.915,1.82,ml,0.241,0.31,0.306,PB,EH,B203,--,46.169,-122.334,814.4,"bucket3$3385,:3,:15001",100,2010-07-22T23:29:36.480000Z,8172,6823,0.08,0.01,undecidable,,,23.288|27.984|26.416,eq,1.82,0.241,1.6,0.03,,0,0,2010
uw10799028,2010-07-22 14:05:07.650000+00:00,46.612,-121.707,earthquake,7.998,1.02,ml,0.121,0.14,0.222,PB,EH,B203,--,46.169,-122.334,814.4,"bucket9$3471,:3,:15001",100,2010-07-22T14:04:17.650000Z,6973,6134,0.03,0.02,undecidable,,,10.637|11.448|10.075,eq,1.02,0.121,0.4,0.03,,0,0,2010
uw10798978,2010-07-22 04:44:46.860000+00:00,46.346,-122.239,earthquake,20.293,0.32,ml,0.039,0.57,0.8,PB,EH,B203,--,46.169,-122.334,814.4,"bucket7$3495,:3,:15001",100,2010-07-22T04:43:56.860000Z,5856,5485,0.01,0.01,undecidable,,,15.68|14.96|12.785,eq,0.32,0.039,0.64,0.241,,0,0,2010
uw10798803,2010-07-21 08:27:00.280000+00:00,46.25,-122.061,earthquake,10.363,0.91,ml,0.162,0.4,0.397,PB,EH,B203,--,46.169,-122.334,814.4,"bucket6$3329,:3,:15001",100,2010-07-21T08:26:10.280000Z,5768,5428,0.02,0.01,negative,,,22.446|30.178|24.674,eq,0.91,0.162,0.9,0.02,,0,0,2010
uw10798648,2010-07-20 18:52:47.400000+00:00,46.229,-122.564,earthquake,8.59,1.3,ml,0.153,0.03,0.036,PB,EH,B203,--,46.169,-122.334,814.4,"bucket4$3407,:3,:15001",100,2010-07-20T18:51:57.400000Z,5660,5350,0.04,0.05,undecidable,,,23.016|22.449|26.09,eq,1.3,0.153,1.0,0.03,,0,0,2010
uw10798548,2010-07-20 08:20:28.480000+00:00,45.98,-122.115,earthquake,7.013,0.71,ml,0.11,0.65,0.561,PB,EH,B203,--,46.169,-122.334,814.4,"bucket8$3322,:3,:15001",100,2010-07-20T08:19:38.480000Z,5836,5453,0.05,0.02,positive,,,13.434|13.787|6.613,eq,0.71,0.11,0.6,0.03,,0,0,2010
uw10797593,2010-07-16 11:33:47.060000+00:00,45.605,-122.827,earthquake,18.216,1.32,ml,0.166,0.08,0.022,PB,EH,B203,--,46.169,-122.334,814.4,"bucket6$3334,:3,:15001",100,2010-07-16T11:32:57.060000Z,7116,6205,0.03,0.02,undecidable,,,19.221|15.307|15.061,eq,1.32,0.166,1.3,0.05,,0,0,2010
uw10797413,2010-07-15 23:34:10.840000+00:00,46.497,-122.432,earthquake,18.454,1.48,ml,0.138,0.81,0.4,PB,EH,B203,--,46.169,-122.334,814.4,"bucket5$3415,:3,:15001",100,2010-07-15T23:33:20.840000Z,6192,5675,0.01,0.02,undecidable,,,38.458|38.464|32.639,eq,1.48,0.138,1.4,0.03,,0,0,2010
uw10797153,2010-07-14 22:55:05.700000+00:00,46.483,-122.309,earthquake,23.083,0.87,ml,0.155,0.82,0.814,PB,EH,B203,--,46.169,-122.334,814.4,"bucket6$3336,:3,:15001",100,2010-07-14T22:54:15.700000Z,6198,5678,0.04,0.03,undecidable,,,11.92|12.539|12.608,eq,0.87,0.155,0.1,0.03,,0,0,2010
uw10799203,2010-04-28 01:33:20.910000+00:00,46.024,-122.429,earthquake,16.059,1.18,ml,0.106,0.28,0.189,PB,EH,B203,--,46.169,-122.334,814.4,"bucket7$3509,:3,:15001",100,2010-04-28T01:32:30.910000Z,5698,5404,0.03,0.01,negative,,,24.552|29.585|21.062,eq,1.18,0.106,0.7,0.03,,0,0,2010
uw10799063,2010-04-26 08:20:05.240000+00:00,46.28,-122.329,earthquake,15.702,1.05,ml,0.065,0.36,0.431,PB,EH,B203,--,46.169,-122.334,814.4,"bucket3$3397,:3,:15001",100,2010-04-26T08:19:15.240000Z,5611,5345,0.04,0.01,negative,,,27.689|28.933|29.882,eq,1.05,0.065,0.7,0.04,,0,0,2010
uw10798853,2010-04-25 03:25:39.420000+00:00,46.005,-122.606,earthquake,17.44,1.1,ml,0.138,0.52,0.604,PB,EH,B203,--,46.169,-122.334,814.4,"bucket3$3398,:3,:15001",100,2010-04-25T03:24:49.420000Z,5946,5533,0.03,0.01,negative,,,17.104|23.832|13.569,eq,1.1,0.138,0.7,0.04,,0,0,2010
uw10798358,2010-04-22 06:30:07.250000+00:00,46.318,-122.227,earthquake,5.996,0.83,ml,0.18,0.79,0.572,PB,EH,B203,--,46.169,-122.334,814.4,"bucket2$3301,:3,:15001",100,2010-04-22T06:29:17.250000Z,5608,5348,0.01,0.01,negative,,,17.93|26.38|19.255,eq,0.83,0.18,0.2,0.03,,0,0,2010
uw10798228,2010-04-21 19:44:52.910000+00:00,46.353,-123.023,earthquake,36.618,1.91,ml,0.071,3.6,2.32,PB,EH,B203,--,46.169,-122.334,814.4,"bucket9$3488,:3,:15001",100,2010-04-21T19:44:02.910000Z,6800,6031,0.15,0.03,undecidable,emergent,,14.397|19.765|13.498,eq,1.91,0.071,1.52,0.171,,0,0,2010
uw10796603,2010-04-14 13:04:11.380000+00:00,46.486,-122.395,earthquake,26.958,0.0,md,0.04,1.06,1.702,PB,EH,B203,--,46.169,-122.334,814.4,"bucket1$3427,:3,:15001",100,2010-04-14T13:03:21.380000Z,6276,5731,0.03,0.02,undecidable,,,12.243|8.932|6.532,eq,,,0.0,0.04,,0,0,2010
uw10803328,2010-06-19 20:16:37.310000+00:00,46.743,-122.481,earthquake,21.411,1.15,ml,0.134,0.91,0.29,PB,EH,B203,--,46.169,-122.334,814.4,"bucket2$3306,:3,:15001",100,2010-06-19T20:15:47.310000Z,6867,6060,0.01,0.02,undecidable,,,20.808|25.636|18.771,eq,1.15,0.134,0.7,0.04,,0,0,2010
uw10802968,2010-06-16 18:06:28.700000+00:00,46.168,-122.743,explosion,5.03,1.11,ml,0.054,0.41,0.128,PB,EH,B203,--,46.169,-122.334,814.4,"bucket8$3351,:3,:15001",100,2010-06-16T18:05:38.700000Z,5962,5540,0.04,0.01,positive,,,21.944|22.463|23.201,px,1.11,0.054,0.9,0.04,,0,0,2010
uw10802633,2010-06-14 11:47:26.400000+00:00,46.648,-122.472,earthquake,57.719,1.34,ml,0.134,1.06,0.53,PB,EH,B203,--,46.169,-122.334,814.4,"bucket1$3440,:3,:15001",100,2010-06-14T11:46:36.400000Z,7073,6157,0.02,0.03,undecidable,,,12.383|12.401|11.49,eq,1.34,0.134,1.29,0.042,,0,0,2010
uw10802533,2010-06-13 23:07:34.570000+00:00,46.511,-122.403,earthquake,20.608,1.07,ml,0.061,1.1,1.073,PB,EH,B203,--,46.169,-122.334,814.4,"bucket10$3481,:3,:15001",100,2010-06-13T23:06:44.570000Z,6231,5694,0.02,0.03,negative,,,27.435|22.384|19.128,eq,1.07,0.061,0.6,0.05,,0,0,2010
uw10802488,2010-06-13 16:31:15.980000+00:00,46.322,-122.242,earthquake,7.813,0.69,ml,0.048,0.45,0.326,PB,EH,B203,--,46.169,-122.334,814.4,"bucket7$3532,:3,:15001",100,2010-06-13T16:30:25.980000Z,5626,5359,0.05,0.02,undecidable,,,20.228|11.234|17.903,eq,0.69,0.048,0.1,0.03,,0,0,2010
uw10802483,2010-06-13 16:26:21.970000+00:00,46.194,-122.194,earthquake,0.234,0.96,ml,0.241,0.2,0.205,PB,EH,B203,--,46.169,-122.334,814.4,"bucket4$3430,:3,:15001",100,2010-06-13T16:25:31.970000Z,5421,5237,0.05,0.03,negative,,,27.743|33.941|29.252,eq,0.96,0.241,1.2,0.04,,0,0,2010
uw10801858,2010-06-11 17:21:04.010000+00:00,46.196,-122.193,earthquake,-0.126,0.91,ml,0.146,0.26,0.255,PB,EH,B203,--,46.169,-122.334,814.4,"bucket10$3484,:3,:15001",100,2010-06-11T17:20:14.010000Z,5432,5243,0.03,0.01,positive,,,29.864|28.655|26.861,eq,0.91,0.146,0.7,0.02,,0,0,2010
uw10800733,2010-06-09 19:19:41.110000+00:00,46.59,-121.755,earthquake,4.909,1.03,ml,0.049,1.06,0.516,PB,EH,B203,--,46.169,-122.334,814.4,"bucket3$3433,:3,:15001",100,2010-06-09T19:18:51.110000Z,6905,6095,0.05,0.04,undecidable,,,2.054|6.901|3.48,eq,1.03,0.049,0.4,0.04,,0,0,2010
uw10794843,2010-06-02 16:12:21.980000+00:00,46.388,-122.267,earthquake,22.524,1.5,ml,0.08,0.63,0.645,PB,EH,B203,--,46.169,-122.334,814.4,"bucket6$3373,:3,:15001",100,2010-06-02T16:11:31.980000Z,5957,5546,0.02,0.01,negative,,,23.714|20.138|20.563,eq,1.5,0.08,0.7,0.03,,0,0,2010
uw10793943,2010-06-02 03:32:17.680000+00:00,45.991,-122.654,earthquake,19.268,0.76,ml,0.046,0.52,0.409,PB,EH,B203,--,46.169,-122.334,814.4,"bucket8$3369,:3,:15001",100,2010-06-02T03:31:27.680000Z,6066,5598,0.02,0.04,undecidable,,,9.497|10.661|6.619,eq,0.76,0.046,0.2,0.04,,0,0,2010
uw10804753,2010-05-28 02:08:56.470000+00:00,46.273,-122.036,earthquake,6.438,1.02,ml,0.108,7.18,1.166,PB,EH,B203,--,46.169,-122.334,814.4,"bucket2$3339,:3,:15001",100,2010-05-28T02:08:06.470000Z,5826,5466,0.06,0.03,undecidable,,,23.283|29.714|25.956,eq,1.02,0.108,0.3,0.03,,0,0,2010
uw10798768,2010-06-06 19:11:39.060000+00:00,46.096,-122.652,earthquake,16.991,1.7,ml,0.269,0.5,0.427,PB,EH,B203,--,46.169,-122.334,814.4,"bucket1$3458,:3,:15001",100,2010-06-06T19:10:49.060000Z,5902,5508,0.03,0.01,positive,,,37.269|33.992|29.691,eq,1.7,0.269,1.6,0.02,,0,0,2010
uw10798208,2010-06-05 21:15:54.850000+00:00,45.995,-122.718,earthquake,18.151,0.96,ml,0.173,0.41,0.383,PB,EH,B203,--,46.169,-122.334,814.4,"bucket1$3459,:3,:15001",100,2010-06-05T21:15:04.850000Z,6124,5643,0.03,0.01,negative,,,20.373|20.9|16.4,eq,0.96,0.173,0.5,0.03,,0,0,2010
uw10797398,2010-06-05 06:59:56.140000+00:00,46.574,-121.723,earthquake,7.564,0.84,ml,0.116,0.02,0.022,PB,EH,B203,--,46.169,-122.334,814.4,"bucket1$3461,:3,:15001",100,2010-06-05T06:59:06.140000Z,6883,6065,0.03,0.05,undecidable,,,8.65|13.892|8.722,eq,0.84,0.116,0.4,0.04,,0,0,2010
uw10796338,2010-06-03 21:03:41.930000+00:00,46.103,-122.092,earthquake,0.302,1.04,ml,0.199,0.18,0.349,PB,EH,B203,--,46.169,-122.334,814.4,"bucket9$3535,:3,:15001",100,2010-06-03T21:02:51.930000Z,5713,5383,0.02,0.02,undecidable,,,15.861|17.19|15.88,eq,1.04,0.199,1.3,0.03,,0,0,2010
uw10795978,2010-06-03 16:37:16.830000+00:00,46.084,-122.525,earthquake,13.441,0.99,ml,0.231,0.74,0.325,PB,EH,B203,--,46.169,-122.334,814.4,"bucket3$3447,:3,:15001",100,2010-06-03T16:36:26.830000Z,5661,5365,0.04,0.04,undecidable,,,23.431|17.128|17.138,eq,0.99,0.231,0.4,0.03,,0,0,2010
uw10794113,2010-06-02 03:43:15.660000+00:00,46.082,-122.519,earthquake,14.341,1.26,ml,0.109,0.57,0.304,PB,EH,B203,--,46.169,-122.334,814.4,"bucket7$3573,:3,:15001",100,2010-06-02T03:42:25.660000Z,5664,5373,0.04,0.01,positive,,,22.925|20.261|18.278,eq,1.26,0.109,0.8,0.03,,0,0,2010
uw10794023,2010-06-02 03:42:56.730000+00:00,46.085,-122.523,earthquake,12.313,1.31,ml,0.107,0.54,0.256,PB,EH,B203,--,46.169,-122.334,814.4,"bucket3$3450,:3,:15001",100,2010-06-02T03:42:06.730000Z,5648,5359,0.05,0.01,positive,,,34.811|35.795|30.099,eq,1.31,0.107,0.8,0.04,,0,0,2010
uw10804688,2010-05-26 22:34:53.330000+00:00,46.145,-122.174,earthquake,1.748,0.87,ml,0.062,0.45,0.541,PB,EH,B203,--,46.169,-122.334,814.4,"bucket9$3541,:3,:15001",100,2010-05-26T22:34:03.330000Z,5449,5248,0.01,0.01,positive,,,31.853|31.834|26.504,eq,0.87,0.062,0.5,0.02,,0,0,2010
uw10804678,2010-05-26 19:36:30.560000+00:00,46.471,-122.064,explosion,3.975,0.9,ml,0.175,2.27,0.878,PB,EH,B203,--,46.169,-122.334,814.4,"bucket1$3474,:3,:15001",100,2010-05-26T19:35:40.560000Z,6228,5683,0.08,0.08,undecidable,,,12.306|14.112|15.814,px,0.9,0.175,1.0,0.08,,0,0,2010
uw10803853,2010-05-19 11:09:41.530000+00:00,46.353,-122.249,earthquake,9.823,1.06,ml,0.118,0.55,0.651,PB,EH,B203,--,46.169,-122.334,814.4,"bucket9$3551,:3,:15001",100,2010-05-19T11:08:51.530000Z,5724,5405,0.01,0.01,negative,,,23.887|26.302|18.822,eq,1.06,0.118,0.5,0.03,,0,0,2010
uw10802738,2010-05-13 17:23:22+00:00,46.094,-122.529,earthquake,12.71,0.79,ml,0.127,1.0,0.598,PB,EH,B203,--,46.169,-122.334,814.4,"bucket9$3560,:3,:15001",100,2010-05-13T17:22:32.000000Z,5645,5360,0.05,0.01,positive,,,20.163|20.956|19.074,eq,0.79,0.127,0.2,0.04,,0,0,2010
uw10802728,2010-05-13 15:47:38.080000+00:00,46.078,-122.488,earthquake,12.779,0.63,ml,0.138,0.48,0.515,PB,EH,B203,--,46.169,-122.334,814.4,"bucket6$3412,:3,:15001",100,2010-05-13T15:46:48.080000Z,5632,5348,0.03,0.04,undecidable,,,12.683|12.917|15.555,eq,0.63,0.138,0.0,0.04,,0,0,2010
uw10802648,2010-05-13 00:52:01.160000+00:00,46.332,-122.459,earthquake,19.314,0.99,ml,0.23,0.5,0.663,PB,EH,B203,--,46.169,-122.334,814.4,"bucket6$3413,:3,:15001",100,2010-05-13T00:51:11.160000Z,5806,5468,0.07,0.01,negative,,,33.873|25.724|23.061,eq,0.99,0.23,0.3,0.02,,0,0,2010
uw10802048,2010-05-10 12:08:12.850000+00:00,45.026,-122.572,earthquake,14.314,1.79,ml,0.17,3.23,1.136,PB,EH,B203,--,46.169,-122.334,814.4,"bucket10$3544,:3,:15001",100,2010-05-10T12:07:22.850000Z,8542,7051,0.05,0.06,undecidable,,,22.893|19.055|15.526,eq,1.79,0.17,1.4,0.06,,0,0,2010
uw10801233,2010-05-08 17:46:38.180000+00:00,46.519,-122.428,earthquake,18.944,1.56,ml,0.117,0.44,0.108,PB,EH,B203,--,46.169,-122.334,814.4,"bucket10$3546,:3,:15001",100,2010-05-08T17:45:48.180000Z,6241,5694,0.02,0.01,negative,,,36.625|34.359|28.527,eq,1.56,0.117,1.5,0.04,,0,0,2010
uw10801183,2010-05-08 16:06:38.010000+00:00,46.469,-122.436,earthquake,19.583,1.08,ml,0.148,1.06,0.892,PB,EH,B203,--,46.169,-122.334,814.4,"bucket1$3506,:3,:15001",100,2010-05-08T16:05:48.010000Z,6155,5640,0.01,0.01,negative,,,15.365|20.651|15.043,eq,1.08,0.148,0.5,0.04,,0,0,2010
uw10798743,2010-05-06 15:56:03.280000+00:00,46.087,-122.524,earthquake,12.701,1.69,ml,0.102,0.5,0.256,PB,EH,B203,--,46.169,-122.334,814.4,"bucket2$3383,:3,:15001",100,2010-05-06T15:55:13.280000Z,5647,5361,0.08,0.01,positive,,,44.753|40.935|39.862,eq,1.69,0.102,1.5,0.03,,0,0,2010
uw10795113,2010-05-02 18:17:30.680000+00:00,46.504,-122.432,earthquake,15.644,1.8,ml,0.098,0.66,0.219,PB,EH,B203,--,46.169,-122.334,814.4,"bucket3$3480,:3,:15001",100,2010-05-02T18:16:40.680000Z,6170,5654,0.03,0.01,negative,,,37.679|39.899|37.312,eq,1.8,0.098,1.7,0.03,,0,0,2010
uw10793098,2010-05-01 05:29:50.520000+00:00,46.46,-122.283,earthquake,17.013,0.97,ml,0.1,1.01,1.065,PB,EH,B203,--,46.169,-122.334,814.4,"bucket5$3502,:3,:15001",100,2010-05-01T05:29:00.520000Z,6037,5604,0.03,0.03,undecidable,,,19.857|24.07|15.073,eq,0.97,0.1,0.1,0.04,,0,0,2010
uw10793068,2010-05-01 03:02:42.760000+00:00,46.568,-121.723,earthquake,7.608,0.77,ml,0.174,0.25,0.294,PB,EH,B203,--,46.169,-122.334,814.4,"bucket10$3552,:3,:15001",100,2010-05-01T03:01:52.760000Z,6886,6070,0.05,0.03,undecidable,,,5.675|9.608|5.043,eq,0.77,0.174,0.1,0.04,,0,0,2010
uw10798993,2010-04-26 02:37:48.390000+00:00,46.523,-122.425,earthquake,18.833,1.03,ml,0.153,1.6,0.694,PB,EH,B203,--,46.169,-122.334,814.4,"bucket3$3488,:3,:15001",100,2010-04-26T02:36:58.390000Z,6249,5702,0.01,0.01,negative,,,19.346|19.423|14.495,eq,1.03,0.153,0.8,0.04,,0,0,2010
uw10798923,2010-04-25 13:37:06.630000+00:00,46.447,-121.859,earthquake,9.113,1.42,ml,0.199,0.0,0.17,PB,EH,B203,--,46.169,-122.334,814.4,"bucket8$3434,:3,:15001",100,2010-04-25T13:36:16.630000Z,6417,5807,0.02,0.01,negative,,,30.811|38.819|28.377,eq,1.42,0.199,1.2,0.03,,0,0,2010
uw10798843,2010-04-25 02:22:16.430000+00:00,46.005,-122.607,earthquake,17.44,1.02,ml,0.122,0.45,0.465,PB,EH,B203,--,46.169,-122.334,814.4,"bucket8$3435,:3,:15001",100,2010-04-25T02:21:26.430000Z,5947,5535,0.02,0.02,negative,,,12.602|20.08|14.76,eq,1.02,0.122,0.6,0.03,,0,0,2010
uw10798778,2010-04-24 20:15:40.430000+00:00,46.194,-122.303,earthquake,9.739,1.04,ml,0.076,0.32,0.218,PB,EH,B203,--,46.169,-122.334,814.4,"bucket6$3433,:3,:15001",100,2010-04-24T20:14:50.430000Z,5365,5198,0.01,0.01,positive,,,29.266|36.202|27.98,eq,1.04,0.076,0.4,0.02,,0,0,2010
uw10798668,2010-04-23 13:47:43.690000+00:00,46.408,-122.303,earthquake,17.715,0.69,ml,0.025,0.89,1.105,PB,EH,B203,--,46.169,-122.334,814.4,"bucket7$3618,:3,:15001",100,2010-04-23T13:46:53.690000Z,5927,5529,0.03,0.02,undecidable,,,10.946|9.317|13.081,eq,0.69,0.025,0.3,0.03,,0,0,2010
uw10798598,2010-04-23 11:16:16.660000+00:00,46.425,-122.325,earthquake,16.202,1.0,ml,0.111,0.72,0.689,PB,EH,B203,--,46.169,-122.334,814.4,"bucket3$3493,:3,:15001",100,2010-04-23T11:15:26.660000Z,5932,5531,0.03,0.01,negative,,,24.319|18.178|21.676,eq,1.0,0.111,0.7,0.04,,0,0,2010
uw10798533,2010-04-23 07:08:24.130000+00:00,46.422,-122.327,earthquake,16.265,0.88,ml,0.056,0.9,0.708,PB,EH,B203,--,46.169,-122.334,814.4,"bucket9$3576,:3,:15001",100,2010-04-23T07:07:34.130000Z,5933,5532,0.04,0.01,negative,,,21.806|16.501|18.554,eq,0.88,0.056,0.3,0.04,,0,0,2010
uw10798378,2010-04-22 08:40:09.070000+00:00,46.195,-122.306,earthquake,10.109,1.18,ml,0.135,0.08,0.199,PB,EH,B203,--,46.169,-122.334,814.4,"bucket7$3620,:3,:15001",100,2010-04-22T08:39:19.070000Z,5370,5204,0.01,0.01,positive,,,33.711|39.658|29.27,eq,1.18,0.135,1.0,0.02,,0,0,2010
uw10798323,2010-04-22 05:11:27.140000+00:00,46.237,-122.597,earthquake,16.34,1.24,ml,0.155,0.6,0.329,PB,EH,B203,--,46.169,-122.334,814.4,"bucket6$3435,:3,:15001",100,2010-04-22T05:10:37.140000Z,5795,5441,0.07,0.01,positive,,,28.842|29.765|28.205,eq,1.24,0.155,1.0,0.03,,0,0,2010
uw10798248,2010-04-21 21:35:01.030000+00:00,46.519,-122.427,earthquake,19.155,1.38,ml,0.096,0.91,0.549,PB,EH,B203,--,46.169,-122.334,814.4,"bucket4$3508,:3,:15001",100,2010-04-21T21:34:11.030000Z,6238,5692,0.01,0.01,negative,,,30.025|27.327|24.775,eq,1.38,0.096,0.7,0.03,,0,0,2010
uw10797968,2010-04-20 00:51:15.140000+00:00,46.397,-122.402,earthquake,16.775,0.92,ml,0.15,0.91,0.698,PB,EH,B203,--,46.169,-122.334,814.4,"bucket1$3522,:3,:15001",100,2010-04-20T00:50:25.140000Z,5918,5524,0.03,0.02,undecidable,,,23.334|17.701|16.503,eq,0.92,0.15,0.2,0.03,,0,0,2010
uw10796938,2010-04-15 18:38:20.620000+00:00,46.481,-122.449,earthquake,24.662,0.1,md,0.04,0.81,0.895,PB,EH,B203,--,46.169,-122.334,814.4,"bucket3$3501,:3,:15001",100,2010-04-15T18:37:30.620000Z,6254,5706,0.01,0.05,undecidable,,,9.787|10.146|6.457,eq,,,0.1,0.04,,0,0,2010
uw10796683,2010-04-15 00:13:13.820000+00:00,46.635,-122.521,earthquake,11.838,1.35,ml,0.17,1.22,0.344,PB,EH,B203,--,46.169,-122.334,814.4,"bucket7$3633,:3,:15001",100,2010-04-15T00:12:23.820000Z,6542,5884,0.04,0.04,undecidable,,,27.006|27.674|25.141,eq,1.35,0.17,1.4,0.04,,0,0,2010
uw10796428,2010-04-14 07:27:18.900000+00:00,46.519,-122.428,earthquake,19.696,1.48,ml,0.156,0.61,0.288,PB,EH,B203,--,46.169,-122.334,814.4,"bucket1$3530,:3,:15001",100,2010-04-14T07:26:28.900000Z,6239,5690,0.01,0.01,negative,,,34.178|28.937|26.787,eq,1.48,0.156,1.5,0.03,,0,0,2010
uw10796383,2010-04-14 03:48:36.620000+00:00,46.519,-122.445,earthquake,19.428,0.99,ml,0.033,1.04,0.846,PB,EH,B203,--,46.169,-122.334,814.4,"bucket10$3571,:3,:15001",100,2010-04-14T03:47:46.620000Z,6249,5702,0.01,0.01,negative,,,19.513|17.259|11.767,eq,0.99,0.033,0.6,0.04,,0,0,2010
uw10793218,2010-03-12 00:42:20.690000+00:00,46.514,-122.442,earthquake,17.396,2.02,ml,0.179,0.65,0.277,PB,EH,B203,--,46.169,-122.334,814.4,"bucket9$3591,:3,:15001",100,2010-03-12T00:41:30.690000Z,6209,5680,0.03,0.01,negative,,,41.398|44.19|42.384,eq,2.02,0.179,1.5,0.03,,0,0,2010
uw10793088,2010-03-11 13:10:05.890000+00:00,46.466,-122.362,earthquake,22.198,1.36,ml,0.097,0.8,0.553,PB,EH,B203,--,46.169,-122.334,814.4,"bucket4$3521,:3,:15001",100,2010-03-11T13:09:15.890000Z,6145,5642,0.02,0.01,negative,,,24.022|28.149|25.242,eq,1.36,0.097,0.9,0.04,,0,0,2010
uw10792158,2010-03-07 11:17:52.040000+00:00,46.271,-122.284,earthquake,7.039,0.36,ml,0.238,0.62,0.372,PB,EH,B203,--,46.169,-122.334,814.4,"bucket5$3537,:3,:15001",100,2010-03-07T11:17:02.040000Z,5464,5252,0.01,0.01,negative,,,17.038|20.636|14.811,eq,0.36,0.238,0.0,0.02,,0,0,2010
uw10791678,2010-03-06 00:47:59.580000+00:00,46.245,-122.428,earthquake,16.009,0.91,ml,0.284,0.34,0.447,PB,EH,B203,--,46.169,-122.334,814.4,"bucket6$3448,:3,:15001",100,2010-03-06T00:47:09.580000Z,5610,5334,0.01,0.01,positive,,,32.663|22.371|22.581,eq,0.91,0.284,0.6,0.03,,0,0,2010
uw10791608,2010-03-05 16:43:00.230000+00:00,46.485,-122.291,earthquake,22.371,1.45,ml,0.076,0.87,0.698,PB,EH,B203,--,46.169,-122.334,814.4,"bucket5$3538,:3,:15001",100,2010-03-05T16:42:10.230000Z,6180,5676,0.03,0.02,undecidable,,,29.876|26.112|24.813,eq,1.45,0.076,1.1,0.04,,0,0,2010
uw10791433,2010-03-05 10:18:07.750000+00:00,46.416,-122.341,earthquake,18.525,1.41,ml,0.122,0.6,0.298,PB,EH,B203,--,46.169,-122.334,814.4,"bucket6$3450,:3,:15001",100,2010-03-05T10:17:17.750000Z,5967,5549,0.01,0.01,negative,,,31.916|39.954|25.969,eq,1.41,0.122,1.3,0.03,,0,0,2010
uw10790248,2010-03-02 18:55:56.460000+00:00,46.448,-122.606,explosion,-1.16,1.22,ml,0.192,31.61,1.09,PB,EH,B203,--,46.169,-122.334,814.4,"bucket2$3407,:3,:15001",100,2010-03-02T18:55:06.460000Z,6157,5626,0.12,0.06,undecidable,impulsive,,16.365|22.474|21.262,px,1.22,0.192,1.08,0.356,,0,0,2010
uw10791133,2010-02-24 09:44:27.880000+00:00,46.405,-122.338,earthquake,17.225,1.29,ml,0.072,0.73,0.517,PB,EH,B203,--,46.169,-122.334,814.4,"bucket2$3412,:3,:15001",100,2010-02-24T09:43:37.880000Z,5911,5520,0.01,0.01,negative,,,33.317|30.212|24.429,eq,1.29,0.072,1.2,0.03,,0,0,2010
uw10790883,2010-02-23 19:49:00.800000+00:00,46.2,-122.181,earthquake,1.744,0.64,ml,0.195,0.26,0.325,PB,EH,B203,--,46.169,-122.334,814.4,"bucket1$3545,:3,:15001",100,2010-02-23T19:48:10.800000Z,5445,5251,0.02,0.07,undecidable,,,10.456|15.01|10.195,eq,0.64,0.195,0.1,0.02,,0,0,2010
uw10789578,2010-02-20 00:24:13.350000+00:00,46.387,-122.279,earthquake,9.174,0.52,ml,0.207,0.73,0.553,PB,EH,B203,--,46.169,-122.334,814.4,"bucket4$3535,:3,:15001",100,2010-02-20T00:23:23.350000Z,5825,5451,0.02,0.02,negative,,,14.311|14.814|10.151,eq,0.52,0.207,0.2,0.03,,0,0,2010
uw10789183,2010-02-18 06:59:20.170000+00:00,46.388,-122.292,earthquake,9.183,1.04,ml,0.059,0.48,0.139,PB,EH,B203,--,46.169,-122.334,814.4,"bucket10$3587,:3,:15001",100,2010-02-18T06:58:30.170000Z,5829,5452,0.02,0.01,negative,,,22.125|22.614|21.074,eq,1.04,0.059,0.6,0.03,,0,0,2010
uw10788718,2010-02-17 15:07:35.540000+00:00,46.337,-122.228,earthquake,7.675,0.91,ml,0.1,0.86,0.542,PB,EH,B203,--,46.169,-122.334,814.4,"bucket10$3588,:3,:15001",100,2010-02-17T15:06:45.540000Z,5682,5387,0.01,0.01,negative,,,25.256|29.403|21.656,eq,0.91,0.1,0.4,0.02,,0,0,2010
uw10786663,2010-02-09 18:29:37.490000+00:00,46.458,-122.317,earthquake,12.331,1.06,ml,0.071,1.05,1.056,PB,EH,B203,--,46.169,-122.334,814.4,"bucket7$3649,:3,:15001",100,2010-02-09T18:28:47.490000Z,6012,5569,0.03,0.01,negative,,,11.244|18.407|14.983,eq,1.06,0.071,0.6,0.03,,0,0,2010
uw10790743,2010-01-23 21:42:40.760000+00:00,46.255,-122.056,earthquake,9.413,0.69,ml,0.063,0.55,0.434,PB,EH,B203,--,46.169,-122.334,814.4,"bucket4$3539,:3,:15001",100,2010-01-23T21:41:50.760000Z,5778,5436,0.03,0.05,undecidable,,,18.357|17.281|13.518,eq,0.69,0.063,0.4,0.04,,0,0,2010
uw10789448,2010-01-18 16:47:23.930000+00:00,46.088,-122.513,earthquake,14.647,1.04,ml,0.082,0.83,0.539,PB,EH,B203,--,46.169,-122.334,814.4,"bucket8$3467,:3,:15001",100,2010-01-18T16:46:33.930000Z,5666,5379,0.03,0.03,positive,,,20.306|18.9|17.839,eq,1.04,0.082,0.1,0.03,,0,0,2010
uw10788898,2010-01-17 13:31:52.980000+00:00,46.192,-122.291,earthquake,9.709,0.83,ml,0.088,0.5,0.405,PB,EH,B203,--,46.169,-122.334,814.4,"bucket3$3520,:3,:15001",100,2010-01-17T13:31:02.980000Z,5367,5202,0.02,0.01,positive,,,21.973|27.976|21.996,eq,0.83,0.088,0.4,0.02,,0,0,2010
uw10787178,2010-01-11 16:26:36.700000+00:00,46.438,-122.26,earthquake,12.871,0.99,ml,0.133,1.25,0.865,PB,EH,B203,--,46.169,-122.334,814.4,"bucket10$3605,:3,:15001",100,2010-01-11T16:25:46.700000Z,5985,5546,0.04,0.02,undecidable,,,16.143|19.124|14.167,eq,0.99,0.133,0.1,0.03,,0,0,2010
uw10786668,2010-01-10 10:53:03.150000+00:00,46.196,-122.412,earthquake,14.497,1.2,ml,0.218,0.8,0.96,PB,EH,B203,--,46.169,-122.334,814.4,"bucket5$3554,:3,:15001",100,2010-01-10T10:52:13.150000Z,5517,5273,0.02,0.01,positive,,,25.658|32.046|28.603,eq,1.2,0.218,0.8,0.02,,0,0,2010
uw10803798,2010-06-23 19:08:46.370000+00:00,46.634,-121.942,earthquake,7.624,1.09,ml,0.174,0.63,0.502,PB,EH,B203,--,46.169,-122.334,814.4,"bucket2$3425,:3,:15001",100,2010-06-23T19:07:56.370000Z,6744,5986,0.04,0.04,undecidable,,,9.546|12.405|10.232,eq,1.09,0.174,0.8,0.04,,0,0,2010
uw10791633,2010-02-25 09:11:11.800000+00:00,47.309,-122.342,earthquake,22.636,1.19,ml,0.084,1.73,0.602,PB,EH,B203,--,46.169,-122.334,814.4,"bucket5$3559,:3,:15001",100,2010-02-25T09:10:21.800000Z,8471,6969,0.03,0.04,undecidable,,,11.481|12.227|7.57,eq,1.19,0.084,1.3,0.03,,0,0,2010
uw10790908,2010-02-23 21:55:16.300000+00:00,46.124,-122.44,earthquake,17.614,0.99,ml,0.14,0.23,0.143,PB,EH,B203,--,46.169,-122.334,814.4,"bucket5$3563,:3,:15001",100,2010-02-23T21:54:26.300000Z,5612,5340,0.03,0.01,positive,,,23.015|20.83|18.401,eq,0.99,0.14,0.6,0.03,,0,0,2010
uw10788418,2010-02-16 10:15:50.290000+00:00,46.048,-122.436,earthquake,21.23,0.79,ml,0.056,0.12,0.372,PB,EH,B203,--,46.169,-122.334,814.4,"bucket5$3574,:3,:15001",100,2010-02-16T10:15:00.290000Z,5784,5444,0.02,0.03,undecidable,,,17.691|17.765|17.025,eq,0.79,0.056,0.4,0.02,,0,0,2010
uw10787968,2010-02-14 16:12:42.990000+00:00,45.545,-122.656,earthquake,13.09,1.29,ml,0.108,0.94,0.366,PB,EH,B203,--,46.169,-122.334,814.4,"bucket4$3555,:3,:15001",100,2010-02-14T16:11:52.990000Z,7104,6194,0.03,0.01,negative,,,13.962|15.862|10.629,eq,1.29,0.108,1.4,0.03,,0,0,2010
uw10786918,2010-02-10 15:42:45.260000+00:00,46.357,-122.234,earthquake,10.357,1.72,ml,0.174,0.61,0.388,PB,EH,B203,--,46.169,-122.334,814.4,"bucket5$3578,:3,:15001",100,2010-02-10T15:41:55.260000Z,5733,5419,0.03,0.01,negative,,,31.538|40.913|36.788,eq,1.72,0.174,1.7,0.04,,0,0,2010
uw10786798,2010-02-10 11:35:48.920000+00:00,46.015,-122.374,earthquake,13.666,0.5,ml,0.148,0.61,0.52,PB,EH,B203,--,46.169,-122.334,814.4,"bucket5$3579,:3,:15001",100,2010-02-10T11:34:58.920000Z,5675,5375,0.08,0.03,undecidable,,,16.849|17.428|14.04,eq,0.5,0.148,0.1,0.03,,0,0,2010
uw10784333,2010-02-06 01:04:38.060000+00:00,46.492,-122.399,earthquake,22.595,1.18,ml,0.171,0.68,1.024,PB,EH,B203,--,46.169,-122.334,814.4,"bucket3$3537,:3,:15001",100,2010-02-06T01:03:48.060000Z,6228,5693,0.01,0.03,undecidable,,,26.122|23.698|22.985,eq,1.18,0.171,0.7,0.04,,0,0,2010
uw10784278,2010-02-05 21:20:33.980000+00:00,46.09,-122.519,earthquake,13.119,1.44,ml,0.094,0.75,0.488,PB,EH,B203,--,46.169,-122.334,814.4,"bucket10$3640,:3,:15001",100,2010-02-05T21:19:43.980000Z,5654,5365,0.04,0.01,positive,,,31.098|30.099|30.088,eq,1.44,0.094,1.0,0.03,,0,0,2010
uw10784243,2010-02-05 08:17:49.100000+00:00,46.416,-122.405,earthquake,21.304,1.17,ml,0.166,0.6,0.736,PB,EH,B203,--,46.169,-122.334,814.4,"bucket8$3489,:3,:15001",100,2010-02-05T08:16:59.100000Z,6026,5576,0.04,0.04,undecidable,,,27.973|27.918|21.797,eq,1.17,0.166,0.7,0.04,,0,0,2010
uw10783208,2010-02-04 02:25:50.630000+00:00,46.498,-122.376,earthquake,22.045,1.51,ml,0.155,1.23,1.395,PB,EH,B203,--,46.169,-122.334,814.4,"bucket3$3541,:3,:15001",100,2010-02-04T02:25:00.630000Z,6224,5685,0.01,0.01,negative,,,24.665|25.438|23.784,eq,1.51,0.155,1.0,0.03,,0,0,2010
uw10782988,2010-02-03 10:54:33.650000+00:00,46.49,-122.382,earthquake,22.752,0.76,ml,0.137,0.63,0.769,PB,EH,B203,--,46.169,-122.334,814.4,"bucket4$3565,:3,:15001",100,2010-02-03T10:53:43.650000Z,6221,5684,0.03,0.04,undecidable,,,18.62|12.886|14.575,eq,0.76,0.137,0.0,0.04,,0,0,2010
uw10782863,2010-02-02 12:51:47.110000+00:00,46.489,-122.267,earthquake,27.815,0.83,ml,0.052,0.51,1.164,PB,EH,B203,--,46.169,-122.334,814.4,"bucket4$3566,:3,:15001",100,2010-02-02T12:50:57.110000Z,6295,5718,0.02,0.02,undecidable,,,12.691|14.298|8.159,eq,0.83,0.052,0.4,0.03,,0,0,2010
uw10782678,2010-02-01 07:40:38.480000+00:00,46.514,-122.406,earthquake,18.342,1.25,ml,0.104,0.72,0.372,PB,EH,B203,--,46.169,-122.334,814.4,"bucket9$3639,:3,:15001",100,2010-02-01T07:39:48.480000Z,6222,5683,0.02,0.02,undecidable,,,34.969|31.641|26.415,eq,1.25,0.104,1.2,0.04,,0,0,2010
uw10792903,2010-01-31 16:35:34.920000+00:00,46.27,-122.382,earthquake,22.016,0.49,ml,0.076,0.84,1.05,PB,EH,B203,--,46.169,-122.334,814.4,"bucket3$3544,:3,:15001",100,2010-01-31T16:34:44.920000Z,5732,5425,0.12,0.01,negative,impulsive,,22.415|20.961|17.196,eq,0.49,0.076,0.17,0.163,,0,0,2010
uw10791818,2010-01-28 05:32:26.490000+00:00,46.191,-122.293,earthquake,9.949,1.01,ml,0.132,0.05,0.108,PB,EH,B203,--,46.169,-122.334,814.4,"bucket10$3646,:3,:15001",100,2010-01-28T05:31:36.490000Z,5368,5201,0.01,0.01,positive,,,21.714|26.679|19.867,eq,1.01,0.132,0.4,0.02,,0,0,2010
uw10791703,2010-01-27 23:47:20.220000+00:00,46.192,-122.296,earthquake,9.809,1.39,ml,0.111,0.11,0.133,PB,EH,B203,--,46.169,-122.334,814.4,"bucket9$3644,:3,:15001",100,2010-01-27T23:46:30.220000Z,5366,5201,0.02,0.01,positive,,,43.143|41.474|39.262,eq,1.39,0.111,1.1,0.03,,0,0,2010
uw10791658,2010-01-27 21:21:52.110000+00:00,46.61,-121.819,earthquake,3.465,1.63,ml,0.161,0.1,0.253,PB,EH,B203,--,46.169,-122.334,814.4,"bucket5$3592,:3,:15001",100,2010-01-27T21:21:02.110000Z,6866,6069,0.03,0.01,negative,,,22.736|27.69|24.68,eq,1.63,0.161,1.3,0.04,,0,0,2010
uw10791333,2010-01-26 11:16:31.480000+00:00,47.323,-122.172,earthquake,16.294,1.84,ml,0.22,0.75,0.358,PB,EH,B203,--,46.169,-122.334,814.4,"bucket10$3648,:3,:15001",100,2010-01-26T11:15:41.480000Z,8553,7025,0.03,0.02,undecidable,,,21.567|22.641|20.768,eq,1.84,0.22,1.7,0.05,,0,0,2010
uw10791313,2010-01-26 05:37:11.060000+00:00,46.135,-122.559,earthquake,18.85,1.39,ml,0.13,0.39,0.425,PB,EH,B203,--,46.169,-122.334,814.4,"bucket6$3486,:3,:15001",100,2010-01-26T05:36:21.060000Z,5753,5425,0.05,0.01,positive,,,23.861|24.966|23.646,eq,1.39,0.13,1.0,0.03,,0,0,2010
uw10790488,2010-01-23 06:49:51.850000+00:00,45.979,-122.388,earthquake,14.908,1.71,ml,0.177,0.61,0.602,PB,EH,B203,--,46.169,-122.334,814.4,"bucket3$3554,:3,:15001",100,2010-01-23T06:49:01.850000Z,5769,5436,0.06,0.01,negative,,,36.382|40.374|38.339,eq,1.71,0.177,1.8,0.03,,0,0,2010
uw10790013,2010-01-21 07:38:44.630000+00:00,46.448,-122.389,earthquake,19.665,1.25,ml,0.202,1.15,1.1,PB,EH,B203,--,46.169,-122.334,814.4,"bucket6$3487,:3,:15001",100,2010-01-21T07:37:54.630000Z,6076,5613,0.01,0.01,negative,,,23.826|27.761|21.487,eq,1.25,0.202,0.8,0.03,,0,0,2010
uw10789463,2010-01-18 19:27:39.820000+00:00,46.312,-122.219,earthquake,5.374,0.87,ml,0.199,0.62,0.406,PB,EH,B203,--,46.169,-122.334,814.4,"bucket4$3575,:3,:15001",100,2010-01-18T19:26:49.820000Z,5601,5346,0.03,0.02,undecidable,,,15.444|17.358|16.783,eq,0.87,0.199,0.1,0.03,,0,0,2010
uw10789328,2010-01-18 15:58:18.420000+00:00,46.483,-122.37,earthquake,23.925,1.15,ml,0.122,0.68,0.708,PB,EH,B203,--,46.169,-122.334,814.4,"bucket6$3489,:3,:15001",100,2010-01-18T15:57:28.420000Z,6217,5678,0.01,0.04,undecidable,,,21.564|17.06|17.522,eq,1.15,0.122,0.3,0.04,,0,0,2010
uw10789208,2010-01-18 09:11:08.360000+00:00,46.484,-122.334,earthquake,21.312,1.42,ml,0.087,1.54,1.507,PB,EH,B203,--,46.169,-122.334,814.4,"bucket9$3651,:3,:15001",100,2010-01-18T09:10:18.360000Z,6181,5649,0.01,0.04,undecidable,,,20.031|23.355|19.08,eq,1.42,0.087,0.2,0.05,,0,0,2010
uw10788973,2010-01-17 15:17:50.610000+00:00,46.517,-122.414,earthquake,17.856,1.86,ml,0.148,0.9,0.355,PB,EH,B203,--,46.169,-122.334,814.4,"bucket3$3564,:3,:15001",100,2010-01-17T15:17:00.610000Z,6226,5684,0.01,0.01,negative,,,40.456|40.36|33.797,eq,1.86,0.148,1.5,0.04,,0,0,2010
uw10788948,2010-01-17 15:02:57.920000+00:00,46.518,-122.427,earthquake,17.751,1.5,ml,0.152,0.84,0.441,PB,EH,B203,--,46.169,-122.334,814.4,"bucket6$3491,:3,:15001",100,2010-01-17T15:02:07.920000Z,6222,5687,0.03,0.02,undecidable,,,36.516|26.217|27.411,eq,1.5,0.152,1.1,0.04,,0,0,2010
uw10788878,2010-01-17 13:06:11.860000+00:00,46.193,-122.292,earthquake,9.779,0.89,ml,0.111,0.28,0.264,PB,EH,B203,--,46.169,-122.334,814.4,"bucket1$3588,:3,:15001",100,2010-01-17T13:05:21.860000Z,5367,5202,0.02,0.01,undecidable,,,25.278|27.845|20.602,eq,0.89,0.111,0.3,0.02,,0,0,2010
uw10788213,2010-01-15 01:39:12.530000+00:00,45.999,-122.359,earthquake,14.938,0.61,ml,0.089,1.14,1.354,PB,EH,B203,--,46.169,-122.334,814.4,"bucket1$3591,:3,:15001",100,2010-01-15T01:38:22.530000Z,5669,5367,0.06,0.03,undecidable,,,10.614|16.327|6.402,eq,0.61,0.089,0.0,0.03,,0,0,2010
uw10788153,2010-01-14 04:57:22.010000+00:00,46.086,-122.513,earthquake,14.571,1.02,ml,0.113,1.04,0.516,PB,EH,B203,--,46.169,-122.334,814.4,"bucket8$3508,:3,:15001",100,2010-01-14T04:56:32.010000Z,5668,5378,0.06,0.01,undecidable,,,16.014|17.974|14.453,eq,1.02,0.113,0.1,0.03,,0,0,2010
uw10787018,2010-01-11 03:26:12.390000+00:00,46.456,-122.256,earthquake,15.012,1.37,ml,0.11,0.45,0.125,PB,EH,B203,--,46.169,-122.334,814.4,"bucket8$3512,:3,:15001",100,2010-01-11T03:25:22.390000Z,6027,5591,0.05,0.04,undecidable,,,26.546|30.853|24.311,eq,1.37,0.11,0.8,0.04,,0,0,2010
uw10785518,2010-01-08 22:16:52.960000+00:00,46.036,-122.148,earthquake,1.241,0.6,ml,0.123,0.01,0.014,PB,EH,B203,--,46.169,-122.334,814.4,"bucket5$3610,:3,:15001",100,2010-01-08T22:16:02.960000Z,5721,5390,0.04,0.03,positive,,,17.076|18.309|10.892,eq,0.6,0.123,0.6,0.03,,0,0,2010
uw10784903,2010-01-06 16:38:46.690000+00:00,46.437,-122.376,earthquake,15.192,1.91,ml,0.144,0.56,0.103,PB,EH,B203,--,46.169,-122.334,814.4,"bucket8$3524,:3,:15001",100,2010-01-06T16:37:56.690000Z,5980,5554,0.01,0.01,negative,,,41.013|48.705|40.888,eq,1.91,0.144,1.8,0.03,,0,0,2010
uw10784758,2010-01-06 03:32:45.770000+00:00,46.015,-122.376,earthquake,15.576,0.68,ml,0.135,0.31,0.316,PB,EH,B203,--,46.169,-122.334,814.4,"bucket3$3576,:3,:15001",100,2010-01-06T03:31:55.770000Z,5692,5392,0.04,0.03,undecidable,,,14.696|13.472|7.543,eq,0.68,0.135,0.4,0.03,,0,0,2010
uw10784688,2010-01-06 01:45:35.750000+00:00,46.464,-122.681,earthquake,18.445,1.33,ml,0.15,0.04,0.0,PB,EH,B203,--,46.169,-122.334,814.4,"bucket5$3618,:3,:15001",100,2010-01-06T01:44:45.750000Z,6282,5730,0.05,0.02,undecidable,,,28.095|21.482|22.761,eq,1.33,0.15,1.3,0.03,,0,0,2010
uw10784658,2010-01-06 00:54:33.580000+00:00,46.193,-122.299,earthquake,9.861,1.22,ml,0.182,0.12,0.152,PB,EH,B203,--,46.169,-122.334,814.4,"bucket8$3528,:3,:15001",100,2010-01-06T00:53:43.580000Z,5369,5201,0.01,0.01,positive,,,35.658|38.851|31.797,eq,1.22,0.182,0.9,0.02,,0,0,2010
uw10783988,2010-01-04 17:58:19.250000+00:00,46.454,-122.225,earthquake,16.282,1.7,ml,0.125,0.54,0.26,PB,EH,B203,--,46.169,-122.334,814.4,"bucket1$3604,:3,:15001",100,2010-01-04T17:57:29.250000Z,6013,5579,0.03,0.04,undecidable,,,32.998|31.256|27.282,eq,1.7,0.125,0.9,0.03,,0,0,2010
uw10783343,2010-01-04 03:26:58.170000+00:00,46.015,-122.376,earthquake,15.279,0.67,ml,0.195,0.28,0.213,PB,EH,B203,--,46.169,-122.334,814.4,"bucket5$3620,:3,:15001",100,2010-01-04T03:26:08.170000Z,5696,5393,0.03,0.03,undecidable,,,16.569|17.366|10.628,eq,0.67,0.195,0.5,0.03,,0,0,2010
uw10782813,2010-01-03 05:30:44.940000+00:00,46.182,-122.292,earthquake,9.401,1.05,ml,0.18,0.92,0.566,PB,EH,B203,--,46.169,-122.334,814.4,"bucket3$3579,:3,:15001",100,2010-01-03T05:29:54.940000Z,5353,5187,0.01,0.01,positive,,,30.377|35.782|27.353,eq,1.05,0.18,0.7,0.02,,0,0,2010
uw10782593,2010-01-01 16:12:44.300000+00:00,45.886,-122.201,earthquake,4.03,1.55,ml,0.153,0.86,0.458,PB,EH,B203,--,46.169,-122.334,814.4,"bucket2$3478,:3,:15001",100,2010-01-01T16:11:54.300000Z,6010,5557,0.02,0.01,negative,,,23.444|29.653|22.248,eq,1.55,0.153,1.6,0.04,,0,0,2010
uw10807698,2010-11-17 03:18:39.670000+00:00,46.474,-122.417,earthquake,12.014,2.0,ml,0.204,0.38,0.17,PB,EH,B203,--,46.169,-122.334,814.4,"bucket3$3605,:3,:15001",100,2010-11-17T03:17:49.670000Z,6075,5608,0.01,0.01,negative,,,50.101|54.533|45.483,eq,2.0,0.204,2.0,0.03,,0,0,2010
uw10807528,2010-11-16 15:51:08.800000+00:00,46.556,-122.432,earthquake,14.068,4.37,ml,0.145,0.2,0.086,PB,EH,B203,--,46.169,-122.334,814.4,"bucket5$3649,:3,:15001",100,2010-11-16T15:50:18.800000Z,6306,5733,0.03,0.03,negative,,,54.938|58.311|58.042,eq,4.37,0.145,4.2,0.04,,0,0,2010
uw10810353,2010-09-23 18:40:22.190000+00:00,46.864,-121.904,earthquake,9.194,2.53,ml,0.151,0.26,0.144,PB,EH,B203,--,46.169,-122.334,814.4,"bucket8$3557,:3,:15001",100,2010-09-23T18:39:32.190000Z,7383,6349,0.04,0.03,negative,,,29.227|29.262|32.576,eq,2.53,0.151,2.5,0.03,,0,0,2010
uw10800448,2010-08-17 19:39:07.430000+00:00,46.361,-122.251,earthquake,11.015,2.77,ml,0.187,0.65,0.141,PB,EH,B203,--,46.169,-122.334,814.4,"bucket6$3541,:3,:15001",100,2010-08-17T19:38:17.430000Z,5738,5414,0.01,0.01,negative,,,59.29|61.034|58.929,eq,2.77,0.187,2.8,0.02,,0,0,2010
uw10795808,2010-08-04 09:06:26.890000+00:00,46.125,-122.501,earthquake,16.959,2.71,ml,0.158,0.57,0.283,PB,EH,B203,--,46.169,-122.334,814.4,"bucket4$3627,:3,:15001",100,2010-08-04T09:05:36.890000Z,5650,5362,0.01,0.01,positive,,,73.121|75.262|70.712,eq,2.71,0.158,2.8,0.03,,0,0,2010
uw10798758,2010-07-21 07:24:23.730000+00:00,46.854,-121.935,earthquake,7.749,2.07,ml,0.212,0.19,0.192,PB,EH,B203,--,46.169,-122.334,814.4,"bucket5$3657,:3,:15001",100,2010-07-21T07:23:33.730000Z,7328,6317,0.05,0.03,negative,,,30.428|34.701|27.28,eq,2.07,0.212,2.1,0.03,,0,0,2010
uw10802718,2010-05-13 13:33:45.090000+00:00,46.082,-122.521,earthquake,13.711,2.58,ml,0.164,0.31,0.17,PB,EH,B203,--,46.169,-122.334,814.4,"bucket7$3750,:3,:15001",100,2010-05-13T13:32:55.090000Z,5652,5368,0.03,0.01,positive,,,70.669|63.821|66.352,eq,2.58,0.164,2.5,0.02,,0,0,2010
uw10787858,2010-02-14 05:15:50.400000+00:00,46.197,-122.182,earthquake,1.274,1.18,ml,0.23,0.37,0.29,PB,EH,B203,--,46.169,-122.334,814.4,"bucket2$3516,:3,:15001",100,2010-02-14T05:15:00.400000Z,5436,5251,0.02,0.06,undecidable,,impulsive,21.934|24.945|24.858,eq,1.18,0.23,2.15,0.624,,0,0,2010
uw10782803,2010-02-02 10:40:48.250000+00:00,45.8,-122.603,earthquake,13.977,2.04,ml,0.127,0.25,0.178,PB,EH,B203,--,46.169,-122.334,814.4,"bucket9$3704,:3,:15001",100,2010-02-02T10:39:58.250000Z,6370,5777,0.02,0.01,negative,,,36.657|39.456|37.574,eq,2.04,0.127,2.3,0.03,,0,0,2010
uw10792083,2010-01-28 18:48:03.480000+00:00,46.519,-122.415,earthquake,17.786,2.53,ml,0.16,0.62,0.149,PB,EH,B203,--,46.169,-122.334,814.4,"bucket3$3621,:3,:15001",100,2010-01-28T18:47:13.480000Z,6228,5688,0.02,0.01,negative,,,58.042|55.04|49.885,eq,2.53,0.16,2.1,0.03,,0,0,2010
uw10810048,2010-09-22 01:49:52.630000+00:00,46.261,-122.054,earthquake,9.992,1.49,ml,0.211,0.54,0.35,PB,EH,B203,--,46.169,-122.334,814.4,"bucket8$3588,:3,:15001",100,2010-09-22T01:49:02.630000Z,5781,5438,0.04,0.01,negative,,,41.028|43.599|37.811,eq,1.49,0.211,1.6,0.03,,0,0,2010
uw10796763,2010-07-12 20:18:16.800000+00:00,46.639,-122.389,earthquake,8.422,0.98,ml,0.053,0.72,0.856,PB,EH,B203,--,46.169,-122.334,814.4,"bucket9$3759,:3,:15001",100,2010-07-12T20:17:26.800000Z,6523,5853,0.05,0.05,undecidable,,,17.856|17.501|13.424,eq,0.98,0.053,0.4,0.04,,0,0,2010
uw10796478,2010-07-11 11:07:31.810000+00:00,45.818,-121.907,earthquake,9.228,1.08,ml,0.143,0.0,0.275,PB,EH,B203,--,46.169,-122.334,814.4,"bucket9$3762,:3,:15001",100,2010-07-11T11:06:41.810000Z,6531,5851,0.13,0.06,undecidable,,,22.747|21.344|11.218,eq,1.08,0.143,1.1,0.06,,0,0,2010
uw10796353,2010-07-11 01:40:52.030000+00:00,46.088,-122.662,earthquake,18.011,1.0,ml,0.12,0.28,0.269,PB,EH,B203,--,46.169,-122.334,814.4,"bucket6$3617,:3,:15001",100,2010-07-11T01:40:02.030000Z,5923,5529,0.03,0.01,positive,,,21.77|18.831|17.297,eq,1.0,0.12,0.6,0.04,,0,0,2010
uw10796123,2010-07-10 12:41:08.080000+00:00,46.33,-122.23,earthquake,7.995,1.56,ml,0.112,0.17,0.233,PB,EH,B203,--,46.169,-122.334,814.4,"bucket1$3707,:3,:15001",100,2010-07-10T12:40:18.080000Z,5662,5369,0.02,0.03,negative,,,45.341|44.568|43.467,eq,1.56,0.112,1.7,0.03,,0,0,2010
uw10795993,2010-07-10 06:48:13.760000+00:00,46.025,-122.421,earthquake,16.229,0.7,ml,0.166,0.72,0.601,PB,EH,B203,--,46.169,-122.334,814.4,"bucket10$3813,:3,:15001",100,2010-07-10T06:47:23.760000Z,5721,5415,0.01,0.01,negative,,,20.22|23.413|13.866,eq,0.7,0.166,0.5,0.03,,0,0,2010
uw10795623,2010-07-08 21:56:03.160000+00:00,46.035,-122.379,earthquake,15.254,0.58,ml,0.081,0.42,0.488,PB,EH,B203,--,46.169,-122.334,814.4,"bucket9$3766,:3,:15001",100,2010-07-08T21:55:13.160000Z,5668,5365,0.01,0.01,undecidable,,,10.807|11.053|8.16,eq,0.58,0.081,0.1,0.03,,0,0,2010
uw10795563,2010-07-08 19:08:24.040000+00:00,46.093,-122.646,earthquake,18.581,1.05,ml,0.152,0.73,0.524,PB,EH,B203,--,46.169,-122.334,814.4,"bucket8$3630,:3,:15001",100,2010-07-08T19:07:34.040000Z,5912,5519,0.02,0.03,positive,,,17.584|16.987|16.05,eq,1.05,0.152,0.4,0.03,,0,0,2010
uw10794863,2010-07-05 11:13:31.290000+00:00,46.317,-122.223,earthquake,12.793,0.8,ml,0.101,0.44,0.341,PB,EH,B203,--,46.169,-122.334,814.4,"bucket1$3715,:3,:15001",100,2010-07-05T11:12:41.290000Z,5683,5392,0.02,0.01,negative,,,23.937|29.129|17.654,eq,0.8,0.101,0.5,0.03,,0,0,2010
uw10794853,2010-07-05 02:10:19.670000+00:00,46.334,-122.291,earthquake,18.921,1.0,ml,0.079,0.44,0.436,PB,EH,B203,--,46.169,-122.334,814.4,"bucket6$3633,:3,:15001",100,2010-07-05T02:09:29.670000Z,5782,5438,0.01,0.01,negative,,,24.427|23.839|21.52,eq,1.0,0.079,0.6,0.02,,0,0,2010
uw10794713,2010-07-04 19:43:25.670000+00:00,46.425,-122.309,earthquake,17.693,1.65,ml,0.154,0.8,0.506,PB,EH,B203,--,46.169,-122.334,814.4,"bucket6$3634,:3,:15001",100,2010-07-04T19:42:35.670000Z,5967,5550,0.01,0.01,negative,,,34.815|36.409|33.701,eq,1.65,0.154,1.6,0.02,,0,0,2010
uw10794488,2010-07-04 01:05:48.140000+00:00,46.477,-122.4,earthquake,24.081,0.85,ml,0.066,0.85,0.678,PB,EH,B203,--,46.169,-122.334,814.4,"bucket8$3638,:3,:15001",100,2010-07-04T01:04:58.140000Z,6205,5677,0.02,0.02,negative,,,19.285|19.382|16.02,eq,0.85,0.066,0.2,0.03,,0,0,2010
uw10804498,2010-06-30 00:39:41.990000+00:00,46.348,-122.403,earthquake,11.026,0.71,ml,0.196,0.68,0.683,PB,EH,B203,--,46.169,-122.334,814.4,"bucket2$3616,:3,:15001",100,2010-06-30T00:38:51.990000Z,5723,5415,0.02,0.04,undecidable,,,18.065|16.211|16.71,eq,0.71,0.196,0.6,0.03,,0,0,2010
uw10804278,2010-06-28 05:58:28.860000+00:00,46.288,-122.64,earthquake,12.4,0.74,ml,0.114,1.58,0.519,PB,EH,B203,--,46.169,-122.334,814.4,"bucket7$3841,:3,:15001",100,2010-06-28T05:57:38.860000Z,5879,5499,0.01,0.02,undecidable,,,8.978|11.142|12.926,eq,0.74,0.114,0.6,0.02,,0,0,2010
uw10804228,2010-06-27 08:53:45.100000+00:00,47.195,-122.169,earthquake,15.571,1.27,ml,0.226,0.03,0.022,PB,EH,B203,--,46.169,-122.334,814.4,"bucket10$3836,:3,:15001",100,2010-06-27T08:52:55.100000Z,8165,6806,0.06,0.03,undecidable,,,14.874|16.829|15.831,eq,1.27,0.226,1.1,0.03,,0,0,2010
uw10803588,2010-06-21 23:25:13.560000+00:00,45.967,-122.6,earthquake,15.051,0.84,ml,0.082,0.96,0.784,PB,EH,B203,--,46.169,-122.334,814.4,"bucket2$3624,:3,:15001",100,2010-06-21T23:24:23.560000Z,5993,5558,0.05,0.02,undecidable,,,17.868|21.756|15.488,eq,0.84,0.082,0.7,0.02,,0,0,2010
uw10803568,2010-06-21 14:05:38.720000+00:00,46.86,-121.765,earthquake,-0.758,1.65,ml,0.122,0.28,0.228,PB,EH,B203,--,46.169,-122.334,814.4,"bucket4$3745,:3,:15001",100,2010-06-21T14:04:48.720000Z,7567,6461,0.04,0.03,undecidable,,,19.627|21.79|19.768,eq,1.65,0.122,1.9,0.04,,0,0,2010
uw10803383,2010-06-20 09:07:13.600000+00:00,46.488,-122.408,earthquake,18.178,0.92,ml,0.206,1.88,0.94,PB,EH,B203,--,46.169,-122.334,814.4,"bucket6$3658,:3,:15001",100,2010-06-20T09:06:23.600000Z,6160,5656,0.02,0.01,negative,,,15.508|17.777|19.029,eq,0.92,0.206,1.0,0.04,,0,0,2010
uw10796378,2010-04-14 03:47:21.770000+00:00,46.512,-122.46,earthquake,20.218,0.89,ml,0.018,0.44,0.305,PB,EH,B203,--,46.169,-122.334,814.4,"bucket7$3857,:3,:15001",100,2010-04-14T03:46:31.770000Z,6250,5705,0.03,0.01,negative,,,16.127|18.59|14.106,eq,0.89,0.018,0.5,0.04,,0,0,2010
uw10796293,2010-04-14 01:22:34.060000+00:00,46.085,-122.521,earthquake,13.443,0.96,ml,0.028,0.35,0.178,PB,EH,B203,--,46.169,-122.334,814.4,"bucket1$3739,:3,:15001",100,2010-04-14T01:21:44.060000Z,5657,5368,0.02,0.01,undecidable,,,25.446|24.023|23.481,eq,0.96,0.028,0.7,0.03,,0,0,2010
uw10795918,2010-04-13 05:33:41.530000+00:00,46.642,-122.413,earthquake,20.478,0.92,ml,0.1,1.85,0.871,PB,EH,B203,--,46.169,-122.334,814.4,"bucket10$3847,:3,:15001",100,2010-04-13T05:32:51.530000Z,6561,5885,0.03,0.04,undecidable,,,13.553|18.951|9.023,eq,0.92,0.1,0.6,0.05,,0,0,2010
uw10795028,2010-04-10 02:40:08.770000+00:00,45.909,-122.644,earthquake,15.523,1.64,ml,0.2,0.34,0.339,PB,EH,B203,--,46.169,-122.334,814.4,"bucket4$3756,:3,:15001",100,2010-04-10T02:39:18.770000Z,6167,5661,0.04,0.01,negative,,,26.333|31.26|21.942,eq,1.64,0.2,1.6,0.04,,0,0,2010
uw10794433,2010-04-08 05:25:20.150000+00:00,46.082,-122.521,earthquake,14.221,2.06,ml,0.186,0.44,0.266,PB,EH,B203,--,46.169,-122.334,814.4,"bucket1$3750,:3,:15001",100,2010-04-08T05:24:30.150000Z,5658,5373,0.04,0.01,positive,,,54.004|49.324|46.247,eq,2.06,0.186,1.8,0.03,,0,0,2010
uw10794398,2010-04-07 23:18:24.200000+00:00,46.925,-121.974,earthquake,12.983,1.58,ml,0.199,0.84,0.648,PB,EH,B203,--,46.169,-122.334,814.4,"bucket5$3781,:3,:15001",100,2010-04-07T23:17:34.200000Z,7520,6436,0.06,0.03,undecidable,,,13.955|21.375|18.581,eq,1.58,0.199,1.3,0.03,,0,0,2010
uw10797228,2010-03-31 06:52:59.460000+00:00,46.854,-121.933,earthquake,10.242,1.62,ml,0.136,0.66,0.311,PB,EH,B203,--,46.169,-122.334,814.4,"bucket7$3875,:3,:15001",100,2010-03-31T06:52:09.460000Z,7337,6330,0.06,0.04,undecidable,,,8.063|16.911|10.201,eq,1.62,0.136,1.6,0.04,,0,0,2010
uw10796808,2010-03-27 17:44:43.510000+00:00,46.023,-122.435,earthquake,14.064,0.1,md,0.05,0.84,0.488,PB,EH,B203,--,46.169,-122.334,814.4,"bucket4$3770,:3,:15001",100,2010-03-27T17:43:53.510000Z,5686,5387,0.08,0.03,undecidable,,,9.892|13.193|11.15,eq,,,0.1,0.05,,0,0,2010
uw10796798,2010-03-27 17:07:16.340000+00:00,46.198,-122.193,earthquake,0.156,1.27,ml,0.135,0.21,0.206,PB,EH,B203,--,46.169,-122.334,814.4,"bucket1$3762,:3,:15001",100,2010-03-27T17:06:26.340000Z,5437,5237,0.01,0.01,positive,,,30.506|30.854|30.089,eq,1.27,0.135,1.2,0.02,,0,0,2010
uw10796578,2010-03-25 19:22:31.050000+00:00,45.565,-122.696,earthquake,9.09,0.9,md,0.05,31.61,0.97,PB,EH,B203,--,46.169,-122.334,814.4,"bucket6$3686,:3,:15001",100,2010-03-25T19:21:41.050000Z,7090,6184,0.04,0.04,undecidable,,,8.267|9.122|5.873,eq,,,0.9,0.05,,0,0,2010
uw10796403,2010-03-24 17:54:24.950000+00:00,46.426,-122.224,earthquake,19.875,1.05,ml,0.099,2.03,3.622,PB,EH,B203,--,46.169,-122.334,814.4,"bucket6$3688,:3,:15001",100,2010-03-24T17:53:34.950000Z,6030,5586,0.03,0.04,undecidable,,,18.13|19.874|15.909,eq,1.05,0.099,0.4,0.04,,0,0,2010
uw10796318,2010-03-24 13:37:00.560000+00:00,46.342,-122.25,earthquake,7.717,1.7,ml,0.221,0.49,0.488,PB,EH,B203,--,46.169,-122.334,814.4,"bucket9$3813,:3,:15001",100,2010-03-24T13:36:10.560000Z,5676,5382,0.02,0.01,negative,,,42.214|50.095|43.628,eq,1.7,0.221,1.7,0.03,,0,0,2010
uw10796218,2010-03-23 22:40:24.790000+00:00,45.539,-122.683,earthquake,15.9,1.58,ml,0.114,0.69,0.46,PB,EH,B203,--,46.169,-122.334,814.4,"bucket3$3745,:3,:15001",100,2010-03-23T22:39:34.790000Z,7134,6221,0.02,0.01,negative,,,21.429|20.073|16.316,eq,1.58,0.114,1.64,0.204,,0,0,2010
uw10795218,2010-03-20 16:06:55.180000+00:00,46.928,-121.974,earthquake,8.865,1.4,ml,0.14,2.63,0.838,PB,EH,B203,--,46.169,-122.334,814.4,"bucket6$3692,:3,:15001",100,2010-03-20T16:06:05.180000Z,7495,6414,0.03,0.05,undecidable,,,18.759|22.459|18.25,eq,1.4,0.14,1.2,0.03,,0,0,2010
uw10794993,2010-03-20 11:53:38.340000+00:00,46.485,-122.416,earthquake,20.882,1.5,ml,0.113,0.96,0.649,PB,EH,B203,--,46.169,-122.334,814.4,"bucket7$3884,:3,:15001",100,2010-03-20T11:52:48.340000Z,6169,5662,0.03,0.01,negative,,,34.56|30.923|24.993,eq,1.5,0.113,1.2,0.03,,0,0,2010
uw10794903,2010-03-19 20:09:54.440000+00:00,46.105,-122.098,earthquake,6.783,0.55,ml,0.064,0.96,0.503,PB,EH,B203,--,46.169,-122.334,814.4,"bucket5$3800,:3,:15001",100,2010-03-19T20:09:04.440000Z,5667,5376,0.03,0.02,negative,,,14.445|16.071|12.595,eq,0.55,0.064,0.2,0.03,,0,0,2010
uw10794698,2010-03-18 23:50:09.560000+00:00,45.575,-122.656,earthquake,17.179,1.32,ml,0.032,0.0,2.044,PB,EH,B203,--,46.169,-122.334,814.4,"bucket1$3767,:3,:15001",100,2010-03-18T23:49:19.560000Z,7050,6144,0.07,0.02,negative,,,14.447|14.629|11.517,eq,1.32,0.032,1.2,0.05,,0,0,2010
uw10794678,2010-03-18 23:47:27.570000+00:00,46.456,-122.284,earthquake,17.344,0.72,ml,0.033,1.12,1.648,PB,EH,B203,--,46.169,-122.334,814.4,"bucket3$3752,:3,:15001",100,2010-03-18T23:46:37.570000Z,6047,5598,0.03,0.03,undecidable,,,11.876|15.891|7.81,eq,0.72,0.033,0.1,0.04,,0,0,2010
